Month;Country Code;City;Bookable Salons;Order per Bookable Salon Last 30 Days;;;;
2022-01-01;GB;London;3.683;41,68;;;;
2022-01-01;GB;Manchester;447;38,27;;;;
2022-01-01;GB;Edinburgh;223;31,58;;;;
2022-01-01;GB;Glasgow;198;35,07;;;;
2022-01-01;GB;Leeds;191;33,3;;;;
2022-01-01;GB;Birmingham;142;29,42;;;;
2022-01-01;GB;Liverpool;98;47,73;;;;
2022-01-01;GB;Bristol;93;35,31;;;;
2022-01-01;GB;Brighton and Hove;76;38,33;;;;
2022-01-01;GB;Newcastle-upon-tyne;48;19,04;;;;
2022-01-01;GB;Sheffield;20;30,15;;;;
2022-01-01;GB;Nottingham;12;18,92;;;;
2022-01-01;GB;Cambridge;11;28,64;;;;
2022-01-01;GB;Cardiff;9;37,11;;;;
2022-01-01;GB;;8;3,5;;;;
2022-01-01;GB;Bournemouth;7;19,57;;;;
2022-01-01;GB;Colchester;7;10,14;;;;
2022-01-01;GB;Derby;5;19,2;;;;
2022-01-01;GB;Northampton;5;37;;;;
2022-01-01;GB;Walsall;5;33,4;;;;
2022-01-01;GB;Accrington;4;36,5;;;;
2022-01-01;GB;Arnold;4;22,25;;;;
2022-01-01;GB;Coventry;4;24,75;;;;
2022-01-01;GB;Southampton;4;16;;;;
2022-01-01;GB;Stourbridge;4;17,5;;;;
2022-01-01;GB;Chester;3;16;;;;
2022-01-01;GB;Congleton;3;22,67;;;;
2022-01-01;GB;Darlington;3;3,67;;;;
2022-01-01;GB;Hitchin;3;25;;;;
2022-01-01;GB;Huddersfield;3;17,33;;;;
2022-01-01;GB;Leamington Spa;3;19,67;;;;
2022-01-01;GB;Leicester ;3;3;;;;
2022-01-01;GB;Milton Keynes;3;14;;;;
2022-01-01;GB;Portsmouth;3;26;;;;
2022-01-01;GB;Redditch;3;2,67;;;;
2022-01-01;GB;Torquay;3;12;;;;
2022-01-01;GB;Wellingborough;3;5,33;;;;
2022-01-01;GB;Wolverhampton;3;5;;;;
2022-01-01;GB;205 Queens Road;2;10;;;;
2022-01-01;GB;3 Trinity Walk;2;18;;;;
2022-01-01;GB;314 Lichfield Road;2;9;;;;
2022-01-01;GB;Aberdeen;2;15,5;;;;
2022-01-01;GB;Banbury;2;24,5;;;;
2022-01-01;GB;Bath;2;19;;;;
2022-01-01;GB;Bedford;2;37,5;;;;
2022-01-01;GB;Beeston;2;7,5;;;;
2022-01-01;GB;Bilston;2;9;;;;
2022-01-01;GB;Boscombe;2;48;;;;
2022-01-01;GB;Bromsgrove;2;0,5;;;;
2022-01-01;GB;Chippenham;2;9,5;;;;
2022-01-01;GB;Ellesmere Port;2;31;;;;
2022-01-01;GB;Hamilton;2;12;;;;
2022-01-01;GB;Haverhill;2;14;;;;
2022-01-01;GB;Huntingdon;2;13,5;;;;
2022-01-01;GB;Kirkburton;2;118,5;;;;
2022-01-01;GB;Leighton Buzzard;2;8,5;;;;
2022-01-01;GB;Macclesfield;2;157;;;;
2022-01-01;GB;Middlesbrough;2;14,5;;;;
2022-01-01;GB;Mold;2;22;;;;
2022-01-01;GB;Ormskirk;2;7,5;;;;
2022-01-01;GB;Ramsgate;2;6;;;;
2022-01-01;GB;Renfrew;2;12;;;;
2022-01-01;GB;Royal Zone;2;72,5;;;;
2022-01-01;GB;Rugby;2;3;;;;
2022-01-01;GB;Sandy;2;21;;;;
2022-01-01;GB;Southsea;2;25;;;;
2022-01-01;GB;Spalding;2;6,5;;;;
2022-01-01;GB;Stotfold;2;32,5;;;;
2022-01-01;GB;Sutton Coldfield;2;24,5;;;;
2022-01-01;GB;West Bridgford;2;50,5;;;;
2022-01-01;GB;Witney;2;88,5;;;;
2022-01-01;GB;Worthing;2;6,5;;;;
2022-01-01;GB; Northampton;1;1;;;;
2022-01-01;GB;(Off London Street);1;2;;;;
2022-01-01;GB;1 Bakers Lane;1;2;;;;
2022-01-01;GB;1 Deva Court, Lightfoot Street;1;3;;;;
2022-01-01;GB;1 Lansdown Road;1;7;;;;
2022-01-01;GB;1 Leys Avenue;1;78;;;;
2022-01-01;GB;1 Love Lane;1;40;;;;
2022-01-01;GB;1 Middle Pavement;1;25;;;;
2022-01-01;GB;1 Norfolk street;1;100;;;;
2022-01-01;GB;1-2 Southview Parade (Rear Part) ;1;43;;;;
2022-01-01;GB;102 Bromyard Road;1;0;;;;
2022-01-01;GB;109 Milton Street;1;97;;;;
2022-01-01;GB;118 Hight Street;1;2;;;;
2022-01-01;GB;12 Coventry Road;1;64;;;;
2022-01-01;GB;12 Utkinton Rd;1;26;;;;
2022-01-01;GB;12 Vicarage Place;1;8;;;;
2022-01-01;GB;121 Newland Avenue;1;24;;;;
2022-01-01;GB;13 Dolphin Centre ;1;5;;;;
2022-01-01;GB;13 Waterloo Road;1;15;;;;
2022-01-01;GB;132 High street;1;12;;;;
2022-01-01;GB;132 Pound Way ;1;120;;;;
2022-01-01;GB;14 Royal Arcade;1;4;;;;
2022-01-01;GB;141-163 Silbury Boulevard;1;3;;;;
2022-01-01;GB;15 Avis Way;1;13;;;;
2022-01-01;GB;150 Borough Road;1;5;;;;
2022-01-01;GB;153 Newbridge Road;1;2;;;;
2022-01-01;GB;156 Hagley Road;1;1;;;;
2022-01-01;GB;17 Alcester Street;1;19;;;;
2022-01-01;GB;171 South Street;1;3;;;;
2022-01-01;GB;174 Cowley Road ;1;37;;;;
2022-01-01;GB;177A Victoria Road;1;53;;;;
2022-01-01;GB;180 Banbury Road ;1;25;;;;
2022-01-01;GB;19 Melrose Avenue;1;11;;;;
2022-01-01;GB;195 Rosemount Place;1;0;;;;
2022-01-01;GB;1A George Street;1;2;;;;
2022-01-01;GB;1a-Gold Street;1;7;;;;
2022-01-01;GB;2 Fox Valley Way;1;3;;;;
2022-01-01;GB;2 Sunderland St;1;20;;;;
2022-01-01;GB;20 School Hill;1;12;;;;
2022-01-01;GB;20 Vicarage Road;1;69;;;;
2022-01-01;GB;21 Belmont Street;1;22;;;;
2022-01-01;GB;226 Dogsthorpe Road;1;0;;;;
2022-01-01;GB;226 Market Way;1;4;;;;
2022-01-01;GB;23 High Street,;1;1;;;;
2022-01-01;GB;23 Westgate ;1;19;;;;
2022-01-01;GB;230 High Street ;1;20;;;;
2022-01-01;GB;25A Market Place;1;13;;;;
2022-01-01;GB;277 Hoylake Road;1;12;;;;
2022-01-01;GB;28 King Street;1;9;;;;
2022-01-01;GB;280 Painswick Road;1;12;;;;
2022-01-01;GB;3 Abbey Road;1;1;;;;
2022-01-01;GB;3 Back Hilton Road;1;25;;;;
2022-01-01;GB;3 newton bungalows whiteparish Salisbury;1;0;;;;
2022-01-01;GB;30 Kirkstall Close ;1;1;;;;
2022-01-01;GB;312-314 Foleshill Rd;1;16;;;;
2022-01-01;GB;33 Columbus ravine;1;3;;;;
2022-01-01;GB;33 Hamilton Road;1;5;;;;
2022-01-01;GB;33 Kennet SHOPPING Centre;1;2;;;;
2022-01-01;GB;333 King Street;1;13;;;;
2022-01-01;GB;34 Great Western Road;1;11;;;;
2022-01-01;GB;36 Regent Street;1;64;;;;
2022-01-01;GB;41 St.John's St ;1;1;;;;
2022-01-01;GB;42A Gordon Road;1;0;;;;
2022-01-01;GB;44 West Main Street;1;7;;;;
2022-01-01;GB;44 Wolfreton Road;1;2;;;;
2022-01-01;GB;44-48 Magdalen Street;1;6;;;;
2022-01-01;GB;45 Barton Road;1;44;;;;
2022-01-01;GB;46 West Main Street;1;3;;;;
2022-01-01;GB;46-48 The Hornet;1;0;;;;
2022-01-01;GB;5 Mentmore Road;1;2;;;;
2022-01-01;GB;51 Hoole Road;1;23;;;;
2022-01-01;GB;52 Cornmarket Street;1;28;;;;
2022-01-01;GB;52 Plymouth Street;1;6;;;;
2022-01-01;GB;52A Plymouth Street;1;23;;;;
2022-01-01;GB;53-57 Lensfield Road;1;14;;;;
2022-01-01;GB;64 Chestergate;1;8;;;;
2022-01-01;GB;6th Floor;1;1;;;;
2022-01-01;GB;7 Church Street;1;8;;;;
2022-01-01;GB;7 Duckworth Court;1;11;;;;
2022-01-01;GB;74 Station Road;1;0;;;;
2022-01-01;GB;79 Gunwharf Quays;1;0;;;;
2022-01-01;GB;8 Highland Road;1;6;;;;
2022-01-01;GB;8 Spaines Road;1;0;;;;
2022-01-01;GB;8 Trinity Walk;1;36;;;;
2022-01-01;GB;83a Wyle Cop;1;6;;;;
2022-01-01;GB;9 Main Road;1;29;;;;
2022-01-01;GB;9 Pools Lane;1;9;;;;
2022-01-01;GB;ACCRINGTON;1;4;;;;
2022-01-01;GB;Abbey Road,;1;1;;;;
2022-01-01;GB;Aberystwyth;1;2;;;;
2022-01-01;GB;Abingdon-On-Thames;1;35;;;;
2022-01-01;GB;Abshot Country Club;1;14;;;;
2022-01-01;GB;Alvaston;1;24;;;;
2022-01-01;GB;Andover;1;1;;;;
2022-01-01;GB;Anlaby Common;1;8;;;;
2022-01-01;GB;Arkleston Road;1;4;;;;
2022-01-01;GB;Ashington;1;45;;;;
2022-01-01;GB;Aspley;1;7;;;;
2022-01-01;GB;Aston Road;1;5;;;;
2022-01-01;GB;Astwood Bank;1;0;;;;
2022-01-01;GB;Atherstone;1;9;;;;
2022-01-01;GB;Aylesbury;1;13;;;;
2022-01-01;GB;Bakewell;1;5;;;;
2022-01-01;GB;Bangor ;1;5;;;;
2022-01-01;GB;Bartholemew street ;1;19;;;;
2022-01-01;GB;Basingstoke;1;33;;;;
2022-01-01;GB;Bearpark;1;15;;;;
2022-01-01;GB;Bedlington;1;14;;;;
2022-01-01;GB;Belfast;1;29;;;;
2022-01-01;GB;Bicester;1;40;;;;
2022-01-01;GB;Bideford;1;0;;;;
2022-01-01;GB;Biggleswade;1;26;;;;
2022-01-01;GB;Bingham;1;25;;;;
2022-01-01;GB;Birkenhead;1;34;;;;
2022-01-01;GB;Bishops Green Common;1;8;;;;
2022-01-01;GB;Blackburn;1;2;;;;
2022-01-01;GB;Blackpool;1;0;;;;
2022-01-01;GB;Blakenhall;1;1;;;;
2022-01-01;GB;Botley Mills;1;51;;;;
2022-01-01;GB;Bourne;1;7;;;;
2022-01-01;GB;Bournemouth Town Centre;1;11;;;;
2022-01-01;GB;Bradford;1;10;;;;
2022-01-01;GB;Brewery court;1;58;;;;
2022-01-01;GB;Bridge of Allan ;1;17;;;;
2022-01-01;GB;Brierley Hill;1;0;;;;
2022-01-01;GB;Bromborough;1;3;;;;
2022-01-01;GB;Broughton;1;6;;;;
2022-01-01;GB;Brunel shopping centre ;1;37;;;;
2022-01-01;GB;Buckingham;1;4;;;;
2022-01-01;GB;Buckinghamshire;1;3;;;;
2022-01-01;GB;Cambridge Leisure park;1;43;;;;
2022-01-01;GB;Capel Road;1;2;;;;
2022-01-01;GB;Carbis Bay;1;1;;;;
2022-01-01;GB;Cardea;1;23;;;;
2022-01-01;GB;Carlisle;1;0;;;;
2022-01-01;GB;Carlton;1;6;;;;
2022-01-01;GB;Carrington ;1;36;;;;
2022-01-01;GB;Castle Street;1;18;;;;
2022-01-01;GB;Chaddesden;1;12;;;;
2022-01-01;GB;Chapel-en-le-Frith;1;33;;;;
2022-01-01;GB;Cheltenham;1;52;;;;
2022-01-01;GB;Cherry Street;1;2;;;;
2022-01-01;GB;Chesterfield;1;0;;;;
2022-01-01;GB;Cheveley Park Shopping Centre;1;29;;;;
2022-01-01;GB;Chichester;1;12;;;;
2022-01-01;GB;Cider Mill Lane,;1;1;;;;
2022-01-01;GB;Cleckheaton;1;16;;;;
2022-01-01;GB;Codsall;1;12;;;;
2022-01-01;GB;Comberton;1;21;;;;
2022-01-01;GB;Coventry City Centre;1;11;;;;
2022-01-01;GB;Cowbridge;1;0;;;;
2022-01-01;GB;Coxhoe;1;37;;;;
2022-01-01;GB;Crewe;1;1;;;;
2022-01-01;GB;Crieff Road;1;0;;;;
2022-01-01;GB;Crosslee;1;1;;;;
2022-01-01;GB;Crowland;1;0;;;;
2022-01-01;GB;Crown Walk;1;2;;;;
2022-01-01;GB;Crowngate Shopping Centre;1;8;;;;
2022-01-01;GB;Cults;1;0;;;;
2022-01-01;GB;Curie Avenue ;1;46;;;;
2022-01-01;GB;Daybrook;1;2;;;;
2022-01-01;GB;Didcot;1;15;;;;
2022-01-01;GB;Downs Bard;1;16;;;;
2022-01-01;GB;Downton,;1;3;;;;
2022-01-01;GB;Droitwich Spa;1;19;;;;
2022-01-01;GB;Durham Road;1;0;;;;
2022-01-01;GB;Duston;1;1;;;;
2022-01-01;GB;Duxford;1;4;;;;
2022-01-01;GB;Eaglewood park;1;7;;;;
2022-01-01;GB;Earlsdon;1;24;;;;
2022-01-01;GB;East Riding of Yorkshire;1;16;;;;
2022-01-01;GB;Elderslie;1;31;;;;
2022-01-01;GB;Elsworth;1;0;;;;
2022-01-01;GB;Evington.;1;9;;;;
2022-01-01;GB;Eyemouth;1;2;;;;
2022-01-01;GB;Fair Oak;1;45;;;;
2022-01-01;GB;Fareham;1;29;;;;
2022-01-01;GB;Festival Place Shopping Centre;1;21;;;;
2022-01-01;GB;Festival Way,;1;28;;;;
2022-01-01;GB;Finham;1;0;;;;
2022-01-01;GB;First Floor;1;56;;;;
2022-01-01;GB;Fletton;1;9;;;;
2022-01-01;GB;Flitwick ;1;1;;;;
2022-01-01;GB;Fontley Road ;1;1;;;;
2022-01-01;GB;Fosse House;1;12;;;;
2022-01-01;GB;Four Oaks;1;9;;;;
2022-01-01;GB;Fox Valley;1;11;;;;
2022-01-01;GB;Framwellgate  Moore;1;27;;;;
2022-01-01;GB;Friary Close, Marmion Road;1;0;;;;
2022-01-01;GB;Gamlingay;1;28;;;;
2022-01-01;GB;Gedling ;1;1;;;;
2022-01-01;GB;Gilesgate;1;12;;;;
2022-01-01;GB;Gladeside;1;20;;;;
2022-01-01;GB;Gloucestershire;1;3;;;;
2022-01-01;GB;Grange Road;1;0;;;;
2022-01-01;GB;Great Horton Road;1;1;;;;
2022-01-01;GB;Great Sutton;1;6;;;;
2022-01-01;GB;Great Wilbraham;1;3;;;;
2022-01-01;GB;Great Wyrley;1;6;;;;
2022-01-01;GB;Guild Street;1;3;;;;
2022-01-01;GB;Hall Street;1;16;;;;
2022-01-01;GB;Hamstreet;1;1;;;;
2022-01-01;GB;Hanley ;1;4;;;;
2022-01-01;GB;Harthill;1;12;;;;
2022-01-01;GB;Havant ;1;30;;;;
2022-01-01;GB;Headington;1;40;;;;
2022-01-01;GB;Headless Cross;1;26;;;;
2022-01-01;GB;Hebden Bridge;1;0;;;;
2022-01-01;GB;Helston Road;1;5;;;;
2022-01-01;GB;Henley-in-Arden;1;3;;;;
2022-01-01;GB;Heswall;1;10;;;;
2022-01-01;GB;Hexton Road;1;8;;;;
2022-01-01;GB;High Street;1;1;;;;
2022-01-01;GB;High Street, ;1;1;;;;
2022-01-01;GB;Hollandbush Crescent;1;0;;;;
2022-01-01;GB;Horne Lane;1;15;;;;
2022-01-01;GB;Hull;1;1;;;;
2022-01-01;GB;Humber Place;1;86;;;;
2022-01-01;GB;Idle;1;15;;;;
2022-01-01;GB;Johnstone;1;21;;;;
2022-01-01;GB;KINGSWINFORD;1;6;;;;
2022-01-01;GB;Kelsey Kerridge Sports Centre;1;1;;;;
2022-01-01;GB;Kent;1;0;;;;
2022-01-01;GB;King's Lynn;1;3;;;;
2022-01-01;GB;Kings Lynn;1;3;;;;
2022-01-01;GB;Kirklees;1;1;;;;
2022-01-01;GB;Knobsbury Lane;1;4;;;;
2022-01-01;GB;Knowle;1;57;;;;
2022-01-01;GB;Lace Market Zone;1;7;;;;
2022-01-01;GB;Langley Park;1;3;;;;
2022-01-01;GB;Leamington spa;1;4;;;;
2022-01-01;GB;Leckhampton;1;103;;;;
2022-01-01;GB;Letchworth Garden City;1;18;;;;
2022-01-01;GB;Leverington;1;3;;;;
2022-01-01;GB;Lincoln;1;1;;;;
2022-01-01;GB;Linslade;1;2;;;;
2022-01-01;GB;Lochgelly;1;8;;;;
2022-01-01;GB;Long Eaton;1;22;;;;
2022-01-01;GB;Longhaven;1;0;;;;
2022-01-01;GB;Lynn Road;1;40;;;;
2022-01-01;GB;Lytham St Annes;1;4;;;;
2022-01-01;GB;Malmesbury;1;10;;;;
2022-01-01;GB;Mander Centre;1;2;;;;
2022-01-01;GB;Manor Road;1;47;;;;
2022-01-01;GB;Mapperley;1;7;;;;
2022-01-01;GB;Market Harborough;1;5;;;;
2022-01-01;GB;Market Street;1;261;;;;
2022-01-01;GB;Mawdesley;1;1;;;;
2022-01-01;GB;Milford on Sea;1;21;;;;
2022-01-01;GB;Mote Hill;1;3;;;;
2022-01-01;GB;Musgrave Row;1;7;;;;
2022-01-01;GB;Netherton;1;2;;;;
2022-01-01;GB;Newmarket;1;61;;;;
2022-01-01;GB;Newport Pagnell;1;14;;;;
2022-01-01;GB;Newton Longville;1;69;;;;
2022-01-01;GB;Northallerton;1;51;;;;
2022-01-01;GB;Northampton Business Centre;1;29;;;;
2022-01-01;GB;Norwich;1;53;;;;
2022-01-01;GB;Ocean Village;1;37;;;;
2022-01-01;GB;Old Chappel Drive;1;5;;;;
2022-01-01;GB;Old Clatterbridge Road.;1;0;;;;
2022-01-01;GB;Old Town;1;10;;;;
2022-01-01;GB;Oldbrook ;1;19;;;;
2022-01-01;GB;Oriel Road;1;28;;;;
2022-01-01;GB;Osney;1;47;;;;
2022-01-01;GB;Oxford;1;0;;;;
2022-01-01;GB;Oxford Road;1;40;;;;
2022-01-01;GB;Parkstone;1;2;;;;
2022-01-01;GB;Petlands Road;1;19;;;;
2022-01-01;GB;Phoenix House;1;14;;;;
2022-01-01;GB;Pickering;1;17;;;;
2022-01-01;GB;Plough Road Business Centre;1;35;;;;
2022-01-01;GB;Plymouth;1;34;;;;
2022-01-01;GB;Pokesdown;1;21;;;;
2022-01-01;GB;Ponteland;1;6;;;;
2022-01-01;GB;Poole Dorset;1;2;;;;
2022-01-01;GB;Port Talbot;1;49;;;;
2022-01-01;GB;Purley on Thames;1;12;;;;
2022-01-01;GB;Queen Anne Terrace;1;94;;;;
2022-01-01;GB;Queniborough;1;24;;;;
2022-01-01;GB;Rawtenstall ;1;4;;;;
2022-01-01;GB;Riverside;1;5;;;;
2022-01-01;GB;Salisbury;1;36;;;;
2022-01-01;GB;Sandiacre;1;4;;;;
2022-01-01;GB;Scotton;1;7;;;;
2022-01-01;GB;Sherwood;1;91;;;;
2022-01-01;GB;Shilbottle;1;70;;;;
2022-01-01;GB;Shirley;1;43;;;;
2022-01-01;GB;Shrewsbury;1;2;;;;
2022-01-01;GB;South Green;1;130;;;;
2022-01-01;GB;Southampton,;1;5;;;;
2022-01-01;GB;Southcrest;1;14;;;;
2022-01-01;GB;Southport;1;6;;;;
2022-01-01;GB;Springvale Works;1;82;;;;
2022-01-01;GB;St Andrews;1;5;;;;
2022-01-01;GB;St Helier;1;0;;;;
2022-01-01;GB;St James;1;0;;;;
2022-01-01;GB;St Leonards On Sea ;1;1;;;;
2022-01-01;GB;Stanley;1;12;;;;
2022-01-01;GB;Station Road;1;20;;;;
2022-01-01;GB;Steyning;1;0;;;;
2022-01-01;GB;Stoke-on-Trent;1;83;;;;
2022-01-01;GB;Stone;1;2;;;;
2022-01-01;GB;Stony Stratford;1;22;;;;
2022-01-01;GB;Stratford-Upon-Avon;1;1;;;;
2022-01-01;GB;Strelley ;1;0;;;;
2022-01-01;GB;Sunderland;1;3;;;;
2022-01-01;GB;Sunnyhill;1;17;;;;
2022-01-01;GB;Sussex;1;1;;;;
2022-01-01;GB;Sutton in Ashfield;1;9;;;;
2022-01-01;GB;Swansea;1;141;;;;
2022-01-01;GB;Swansgate Shopping Centre;1;8;;;;
2022-01-01;GB;Swindon;1;18;;;;
2022-01-01;GB;The Boundary, ;1;5;;;;
2022-01-01;GB;The Park;1;15;;;;
2022-01-01;GB;The Riverwalk;1;160;;;;
2022-01-01;GB;The Thistles Centre;1;2;;;;
2022-01-01;GB;Thornton-Cleveleys, ;1;29;;;;
2022-01-01;GB;Thorpe Wood;1;4;;;;
2022-01-01;GB;Tower Road;1;1;;;;
2022-01-01;GB;Trajectus Way;1;49;;;;
2022-01-01;GB;Trent Lock Golf Centre, Lock Lane,;1;30;;;;
2022-01-01;GB;Trowbridge;1;3;;;;
2022-01-01;GB;Unit 10 The Malt House Business Centre ;1;8;;;;
2022-01-01;GB;Unit 2, Lower Terrace, Eureka Leisure Park;1;3;;;;
2022-01-01;GB;Warwick;1;7;;;;
2022-01-01;GB;Warwick Road;1;11;;;;
2022-01-01;GB;Wednesbury Darlaston;1;24;;;;
2022-01-01;GB;Wednesfield;1;1;;;;
2022-01-01;GB;West Chiltington;1;29;;;;
2022-01-01;GB;West Hagley;1;24;;;;
2022-01-01;GB;Westbourne ;1;37;;;;
2022-01-01;GB;Weston Super Mare;1;2;;;;
2022-01-01;GB;Weymouth;1;4;;;;
2022-01-01;GB;Whiteley;1;9;;;;
2022-01-01;GB;Willenhall;1;12;;;;
2022-01-01;GB;Wiremead Lane;1;10;;;;
2022-01-01;GB;Wirral;1;8;;;;
2022-01-01;GB;Wishaw;1;19;;;;
2022-01-01;GB;Wivelsfield Green;1;1;;;;
2022-01-01;GB;Woodthorpe;1;9;;;;
2022-01-01;GB;Woolston;1;13;;;;
2022-01-01;GB;Worcester;1;10;;;;
2022-01-01;GB;Wrexham Road;1;114;;;;
2022-01-01;GB;Yarm;1;8;;;;
2022-01-01;GB;Yelden;1;7;;;;
2022-01-01;GB;nottingham;1;0;;;;
2022-01-01;GB;Preston;;;;;;
2022-01-01;GB;10 Rookery House;;;;;;
2022-01-01;GB;14 The Royal Arcade;;;;;;
2022-01-01;GB;156C High Road;;;;;;
2022-01-01;GB;166/167 Lower High Street;;;;;;
2022-01-01;GB;20 Fore St;;;;;;
2022-01-01;GB;20 Rugby Road;;;;;;
2022-01-01;GB;5 Harlestone Road;;;;;;
2022-01-01;GB;52 Quarry Street;;;;;;
2022-01-01;GB;6 Lambourne House;;;;;;
2022-01-01;GB;90 The Street;;;;;;
2022-01-01;GB;Alport;;;;;;
2022-01-01;GB;Barnsley;;;;;;
2022-01-01;GB;Belper ;;;;;;
2022-01-01;GB;Broxtowe,;;;;;;
2022-01-01;GB;Burscough Wharf;;;;;;
2022-01-01;GB;Castlegate Drive;;;;;;
2022-01-01;GB;Chilwell;;;;;;
2022-01-01;GB;Consett;;;;;;
2022-01-01;GB;Dunchurch;;;;;;
2022-01-01;GB;Ebbw Vale;;;;;;
2022-01-01;GB;Edingworth;;;;;;
2022-01-01;GB;Emsworth;;;;;;
2022-01-01;GB;Exeter;;;;;;
2022-01-01;GB;Glenn House;;;;;;
2022-01-01;GB;Humberstone;;;;;;
2022-01-01;GB;Hyson Green;;;;;;
2022-01-01;GB;Kingsgate Shopping Centre ;;;;;;
2022-01-01;GB;Kingsley;;;;;;
2022-01-01;GB;Kingsteignton Road;;;;;;
2022-01-01;GB;Lindley;;;;;;
2022-01-01;GB;Maltkiln Road;;;;;;
2022-01-01;GB;Marsh;;;;;;
2022-01-01;GB;Marsh Huddersfield;;;;;;
2022-01-01;GB;Northwich;;;;;;
2022-01-01;GB;Oundle;;;;;;
2022-01-01;GB;Peartree Business Centre ;;;;;;
2022-01-01;GB;Sheerness-on-Sea;;;;;;
2022-01-01;GB;Thornbury;;;;;;
2022-01-01;GB;Tickford Street;;;;;;
2022-01-01;GB;Up past Paignton Harbour straight up to the top of the cliff opposite HARBOUR RISE CARE HOME;;;;;;
2022-01-01;GB;Waterfoot;;;;;;
2022-01-01;GB;Waterlooville;;;;;;
2022-01-01;GB;Weston-Super-Mare;;;;;;
2022-01-01;GB;Worksop;;;;;;
2022-01-01;ES;Madrid;618;27,79;;;;
2022-01-01;ES;Barcelona;573;24,21;;;;
2022-01-01;ES;Pamplona;2;9;;;;
2022-01-01;ES;Valencia;2;2,5;;;;
2022-01-01;ES;Albacete;1;2;;;;
2022-01-01;ES;Alicante;1;2;;;;
2022-01-01;ES;Arona;1;0;;;;
2022-01-01;ES;Badajoz;1;0;;;;
2022-01-01;ES;Burgos 09007;1;0;;;;
2022-01-01;ES;Cangas de Morrazo;1;3;;;;
2022-01-01;ES;Donostia-San Sebasti?°n;1;4;;;;
2022-01-01;ES;Fuente Palmera;1;64;;;;
2022-01-01;ES;Girona;1;4;;;;
2022-01-01;ES;Lanzarote;1;0;;;;
2022-01-01;ES;Marbella;1;42;;;;
2022-01-01;ES;Petrer;1;0;;;;
2022-01-01;ES;Platja d'Aro;1;25;;;;
2022-01-01;ES;Puig Many?†;1;0;;;;
2022-01-01;ES;Salamanca;1;1;;;;
2022-01-01;ES;Zaragoza;1;15;;;;
2022-01-01;ES;Elche;;;;;;
2022-01-01;ES;Las Palmas;;;;;;
2022-01-01;DE;Berlin;1.224;55,02;;;;
2022-01-01;DE;Hamburg;634;45,14;;;;
2022-01-01;DE;Munich;544;42,6;;;;
2022-01-01;DE;Cologne;249;50,86;;;;
2022-01-01;DE;Dusseldorf;235;43,46;;;;
2022-01-01;DE;Frankfurt;126;46,95;;;;
2022-01-01;DE;Essen;45;36,56;;;;
2022-01-01;DE;Frankfurt;38;22,37;;;;
2022-01-01;DE;Stuttgart;34;22,53;;;;
2022-01-01;DE;Leipzig;30;37,63;;;;
2022-01-01;DE;Rhein-Kreis Neuss;30;51,53;;;;
2022-01-01;DE;Bonn;26;50,23;;;;
2022-01-01;DE;Dortmund;26;21,27;;;;
2022-01-01;DE;Hannover;24;29,92;;;;
2022-01-01;DE;Dresden;10;13;;;;
2022-01-01;DE;Saarbr?ºcken;9;55;;;;
2022-01-01;DE;Aachen;8;35,13;;;;
2022-01-01;DE;Braunschweig;8;25,25;;;;
2022-01-01;DE;Krefeld;8;14,5;;;;
2022-01-01;DE;M??nchengladbach;8;49,5;;;;
2022-01-01;DE;N?ºrnberg;8;40;;;;
2022-01-01;DE;M?ºnster;7;34,14;;;;
2022-01-01;DE;Gelsenkirchen;6;15,33;;;;
2022-01-01;DE;Karlsruhe;6;17,83;;;;
2022-01-01;DE;Leverkusen;6;27,17;;;;
2022-01-01;DE;Wuppertal;6;37,67;;;;
2022-01-01;DE;Darmstadt;5;31,4;;;;
2022-01-01;DE;Hilden;5;14,8;;;;
2022-01-01;DE;Mannheim;5;25;;;;
2022-01-01;DE;Ulm;5;19,2;;;;
2022-01-01;DE;W?ºrzburg;5;37,6;;;;
2022-01-01;DE;Augsburg;4;28,75;;;;
2022-01-01;DE;Fulda;4;6,75;;;;
2022-01-01;DE;Gie?üen;4;14;;;;
2022-01-01;DE;Kassel;4;39,75;;;;
2022-01-01;DE;Konstanz;4;32,75;;;;
2022-01-01;DE;Ludwigsburg;4;1,75;;;;
2022-01-01;DE;L?ºbeck;4;3,75;;;;
2022-01-01;DE;Oberhausen;4;7,5;;;;
2022-01-01;DE;Poing;4;116,5;;;;
2022-01-01;DE;Erlangen;3;4,67;;;;
2022-01-01;DE;F?ºrth;3;80,67;;;;
2022-01-01;DE;H?ºrth;3;56;;;;
2022-01-01;DE;Kiel;3;26,67;;;;
2022-01-01;DE;L??rrach;3;3;;;;
2022-01-01;DE;Mainz;3;29,33;;;;
2022-01-01;DE;Osnabr?ºck;3;8;;;;
2022-01-01;DE;Rostock;3;12;;;;
2022-01-01;DE;Xanten;3;43,33;;;;
2022-01-01;DE;Aachen, Innenstadt;2;4,5;;;;
2022-01-01;DE;Aschaffenburg;2;8;;;;
2022-01-01;DE;Bad Ems;2;12,5;;;;
2022-01-01;DE;Bad Kreuznach;2;79;;;;
2022-01-01;DE;Bad Schwartau;2;10,5;;;;
2022-01-01;DE;Bad S?§ckingen;2;11,5;;;;
2022-01-01;DE;Baden-Baden;2;3;;;;
2022-01-01;DE;Bamberg;2;57;;;;
2022-01-01;DE;Beckingen;2;15;;;;
2022-01-01;DE;Bergisch Gladbach;2;3;;;;
2022-01-01;DE;Bremen;2;5,5;;;;
2022-01-01;DE;Burscheid;2;5;;;;
2022-01-01;DE;Chemnitz;2;42,5;;;;
2022-01-01;DE;Cottbus;2;13,5;;;;
2022-01-01;DE;Delmenhorst;2;2,5;;;;
2022-01-01;DE;Dinslaken;2;28,5;;;;
2022-01-01;DE;D?ºren ;2;15;;;;
2022-01-01;DE;Erfurt;2;26,5;;;;
2022-01-01;DE;Ettlingen;2;5,5;;;;
2022-01-01;DE;Forchheim;2;12;;;;
2022-01-01;DE;Frechen;2;24,5;;;;
2022-01-01;DE;Freiburg;2;5,5;;;;
2022-01-01;DE;Friedberg;2;10;;;;
2022-01-01;DE;Geretsried;2;21;;;;
2022-01-01;DE;Hagen;2;0,5;;;;
2022-01-01;DE;Halle;2;10,5;;;;
2022-01-01;DE;Heilbronn;2;22,5;;;;
2022-01-01;DE;Hennef;2;14;;;;
2022-01-01;DE;Herne;2;6,5;;;;
2022-01-01;DE;Ingelheim am Rhein;2;37,5;;;;
2022-01-01;DE;Kerpen;2;35,5;;;;
2022-01-01;DE;Landshut;2;15,5;;;;
2022-01-01;DE;Laupheim;2;9;;;;
2022-01-01;DE;Mannheim, Quadrate;2;9;;;;
2022-01-01;DE;Markt Schwaben;2;75;;;;
2022-01-01;DE;Mosbach;2;16;;;;
2022-01-01;DE;M?ºlheim an der Ruhr;2;4,5;;;;
2022-01-01;DE;Pforzheim;2;9,5;;;;
2022-01-01;DE;Regensburg;2;8,5;;;;
2022-01-01;DE;Schorndorf;2;6,5;;;;
2022-01-01;DE;Schwetzingen;2;13,5;;;;
2022-01-01;DE;Siegen;2;2,5;;;;
2022-01-01;DE;Solingen;2;16;;;;
2022-01-01;DE;Soltau;2;47,5;;;;
2022-01-01;DE;Sulzbach;2;21,5;;;;
2022-01-01;DE;S?ºd;2;41;;;;
2022-01-01;DE;Timmendorfer Strand;2;4;;;;
2022-01-01;DE;T?ºbingen;2;49,5;;;;
2022-01-01;DE;Weiden;2;152,5;;;;
2022-01-01;DE;Weinheim;2;6,5;;;;
2022-01-01;DE;Wiesbaden;2;2,5;;;;
2022-01-01;DE;Wildeshausen;2;5,5;;;;
2022-01-01;DE;Winnenden;2;4;;;;
2022-01-01;DE;Zwickau;2;3;;;;
2022-01-01;DE;Zwickau, Innenstadt;2;20;;;;
2022-01-01;DE;;1;125;;;;
2022-01-01;DE;(N?§he Stadtpark);1;29;;;;
2022-01-01;DE;"(beim Friseur ""wir lieben Sch??nheit"")";1;2;;;;
2022-01-01;DE;(hinter der Eisdiele);1;17;;;;
2022-01-01;DE;Achern;1;27;;;;
2022-01-01;DE;Achim;1;0;;;;
2022-01-01;DE;Adelsdorf;1;1;;;;
2022-01-01;DE;Alling;1;9;;;;
2022-01-01;DE;Alsdorf;1;3;;;;
2022-01-01;DE;Altstadt;1;37;;;;
2022-01-01;DE;Angelbachtal;1;21;;;;
2022-01-01;DE;Augsburg, Innenstadt;1;3;;;;
2022-01-01;DE;Babenhausen;1;9;;;;
2022-01-01;DE;Backnang;1;5;;;;
2022-01-01;DE;Bad Abbach;1;0;;;;
2022-01-01;DE;Bad Aibling;1;13;;;;
2022-01-01;DE;Bad F?ºssing;1;2;;;;
2022-01-01;DE;Bad Griesbach im Rottal;1;15;;;;
2022-01-01;DE;Bad Harzburg;1;2;;;;
2022-01-01;DE;Bad Hersfeld;1;5;;;;
2022-01-01;DE;Bad H??nningen;1;3;;;;
2022-01-01;DE;Bad Lippspringe;1;1;;;;
2022-01-01;DE;Bad Oeynhausen;1;34;;;;
2022-01-01;DE;Bad Rothenfelde;1;2;;;;
2022-01-01;DE;Bad Salzungen;1;1;;;;
2022-01-01;DE;Bad Saulgau;1;28;;;;
2022-01-01;DE;Bad Segeberg;1;9;;;;
2022-01-01;DE;Bad Urach;1;56;;;;
2022-01-01;DE;Bad W??rishofen;1;5;;;;
2022-01-01;DE;Bad Zwischenahn;1;0;;;;
2022-01-01;DE;Baden-W?ºrttemberg - Waldkirch;1;13;;;;
2022-01-01;DE;Badenstedter Str. 130 - 132;1;8;;;;
2022-01-01;DE;Bahnhofstra?üe 1/1;1;15;;;;
2022-01-01;DE;Bahnhofstra?üe 37;1;0;;;;
2022-01-01;DE;Baldham;1;48;;;;
2022-01-01;DE;Bamberg, Innenstadt;1;18;;;;
2022-01-01;DE;Bassenheim;1;27;;;;
2022-01-01;DE;Bayreuth;1;8;;;;
2022-01-01;DE;Bedburg-Hau;1;1;;;;
2022-01-01;DE;Bensberg;1;17;;;;
2022-01-01;DE;Bergheim;1;9;;;;
2022-01-01;DE;Bernburg;1;4;;;;
2022-01-01;DE;Bielefeld;1;53;;;;
2022-01-01;DE;Bietigheim-Bissingen;1;5;;;;
2022-01-01;DE;Bingen am Rhein;1;37;;;;
2022-01-01;DE;Binz;1;1;;;;
2022-01-01;DE;Blankenrath;1;30;;;;
2022-01-01;DE;Blomberg;1;33;;;;
2022-01-01;DE;Bocholt;1;8;;;;
2022-01-01;DE;Bornheim;1;27;;;;
2022-01-01;DE;Brandenburg;1;17;;;;
2022-01-01;DE;Braunschweig, Innenstadt;1;70;;;;
2022-01-01;DE;Buchen;1;4;;;;
2022-01-01;DE;B?ºdingen;1;5;;;;
2022-01-01;DE;B?ºhl;1;40;;;;
2022-01-01;DE;B?ºnde;1;38;;;;
2022-01-01;DE;B?ºttelborn;1;14;;;;
2022-01-01;DE;Chemnitz OT Wittgensdorf;1;0;;;;
2022-01-01;DE;Crailsheim;1;3;;;;
2022-01-01;DE;Dessau-Ro?ülau;1;33;;;;
2022-01-01;DE;Detmold;1;0;;;;
2022-01-01;DE;Dettingen an der Erms;1;1;;;;
2022-01-01;DE;Diepholz;1;0;;;;
2022-01-01;DE;Dingolfing;1;16;;;;
2022-01-01;DE;Dinkelsb?ºhl;1;14;;;;
2022-01-01;DE;Dorfen;1;83;;;;
2022-01-01;DE;Dornstadt;1;5;;;;
2022-01-01;DE;Dorsten;1;3;;;;
2022-01-01;DE;Dresden (Altstadt);1;45;;;;
2022-01-01;DE;D?§nischburger Landstra?üe 79-81;1;8;;;;
2022-01-01;DE;D?ºsseldorf, Rath;1;42;;;;
2022-01-01;DE;Ebersberg;1;79;;;;
2022-01-01;DE;Ebersdorf bei Bremerv??rde;1;0;;;;
2022-01-01;DE;Eckernf??rde;1;0;;;;
2022-01-01;DE;Eilendorf;1;30;;;;
2022-01-01;DE;Ellenberg;1;3;;;;
2022-01-01;DE;Erftstadt;1;5;;;;
2022-01-01;DE;Erkrath;1;2;;;;
2022-01-01;DE;Erlenbach;1;53;;;;
2022-01-01;DE;Eschwege;1;0;;;;
2022-01-01;DE;Esslingen;1;0;;;;
2022-01-01;DE;Esslingen am Neckar;1;1;;;;
2022-01-01;DE;Ettlinger-Tor-Platz 1;1;5;;;;
2022-01-01;DE;Eutin;1;6;;;;
2022-01-01;DE;Fa?überg;1;74;;;;
2022-01-01;DE;Fell;1;48;;;;
2022-01-01;DE;Feuchtwangen , Bayern;1;21;;;;
2022-01-01;DE;Fischingen;1;10;;;;
2022-01-01;DE;Forstern;1;0;;;;
2022-01-01;DE;Freising;1;0;;;;
2022-01-01;DE;Freudenstadt;1;38;;;;
2022-01-01;DE;Freystadt;1;2;;;;
2022-01-01;DE;Frohburg;1;0;;;;
2022-01-01;DE;Gadebusch;1;2;;;;
2022-01-01;DE;Ganderkesee;1;3;;;;
2022-01-01;DE;Garmisch Partenkirchen;1;1;;;;
2022-01-01;DE;Garmisch-Partenkirchen;1;1;;;;
2022-01-01;DE;Geldern;1;0;;;;
2022-01-01;DE;Gelsenkirchen-Altstadt;1;13;;;;
2022-01-01;DE;Gengenbach;1;0;;;;
2022-01-01;DE;Georgsmarienh?ºtte;1;2;;;;
2022-01-01;DE;Gerolstein;1;41;;;;
2022-01-01;DE;Gmund am Tegernsee;1;15;;;;
2022-01-01;DE;Goch;1;56;;;;
2022-01-01;DE;Goldbach;1;1;;;;
2022-01-01;DE;Gottmadingen;1;43;;;;
2022-01-01;DE;Greven;1;8;;;;
2022-01-01;DE;Gro?üe Seestra?üe 8;1;7;;;;
2022-01-01;DE;Gro?ür??hrsdorf;1;125;;;;
2022-01-01;DE;Gustav-Adolf-Stra?üe 19;1;13;;;;
2022-01-01;DE;G?ºckingen;1;0;;;;
2022-01-01;DE;G?ºtersloh;1;131;;;;
2022-01-01;DE;Haan;1;2;;;;
2022-01-01;DE;Halle/S.;1;51;;;;
2022-01-01;DE;Hameln;1;4;;;;
2022-01-01;DE;Hamm;1;0;;;;
2022-01-01;DE;Hannover / Spotlight;1;119;;;;
2022-01-01;DE;Hannover, Mitte;1;101;;;;
2022-01-01;DE;Hannover, Oststadt;1;63;;;;
2022-01-01;DE;Harrislee;1;6;;;;
2022-01-01;DE;Hattersheim;1;1;;;;
2022-01-01;DE;Hausham;1;35;;;;
2022-01-01;DE;Heide;1;0;;;;
2022-01-01;DE;Heiligenhafen;1;2;;;;
2022-01-01;DE;Heiligenstadt;1;75;;;;
2022-01-01;DE;Hofheim;1;55;;;;
2022-01-01;DE;Hollenstedt;1;24;;;;
2022-01-01;DE;Horneburg;1;40;;;;
2022-01-01;DE;Husum;1;1;;;;
2022-01-01;DE;Husum-Schob?ºll;1;0;;;;
2022-01-01;DE;H??hr-Grenzhausen;1;9;;;;
2022-01-01;DE;H?ºckeswagen;1;3;;;;
2022-01-01;DE;Im Salon Stilvoll;1;39;;;;
2022-01-01;DE;Ingelbach;1;7;;;;
2022-01-01;DE;Ingolstadt;1;14;;;;
2022-01-01;DE;Innenstadt;1;7;;;;
2022-01-01;DE;Innenstadt, Alter Markt;1;10;;;;
2022-01-01;DE;Jesteburg;1;43;;;;
2022-01-01;DE;Johannes-Cleven-Stra?üe 4;1;6;;;;
2022-01-01;DE;Karlsruhe, Innenstadt;1;1;;;;
2022-01-01;DE;Kassel (Stadtmitte);1;12;;;;
2022-01-01;DE;Kelkheim;1;97;;;;
2022-01-01;DE;Keltenstra?üe 20;1;13;;;;
2022-01-01;DE;Kerken;1;44;;;;
2022-01-01;DE;Kettig;1;31;;;;
2022-01-01;DE;Kirchdorf an der Amper;1;3;;;;
2022-01-01;DE;Kirchentellinsfurt;1;12;;;;
2022-01-01;DE;Kirchlinteln;1;0;;;;
2022-01-01;DE;Kleve;1;0;;;;
2022-01-01;DE;Koblenz;1;2;;;;
2022-01-01;DE;Kolbermoor;1;19;;;;
2022-01-01;DE;K??ln;1;0;;;;
2022-01-01;DE;K??lner Stra?üe 16;1;11;;;;
2022-01-01;DE;K??nnigsbrunn;1;11;;;;
2022-01-01;DE;K??ppern;1;1;;;;
2022-01-01;DE;K??then;1;4;;;;
2022-01-01;DE;Lahr/Schwarzwald;1;0;;;;
2022-01-01;DE;Landsberg;1;1;;;;
2022-01-01;DE;Landsberg am Lech;1;2;;;;
2022-01-01;DE;Landsberg am Lech, Bayern;1;14;;;;
2022-01-01;DE;Langenfeld (Rheinland);1;1;;;;
2022-01-01;DE;Lauda-K??nigshofen;1;1;;;;
2022-01-01;DE;Lauterbach;1;4;;;;
2022-01-01;DE;Lenningen;1;1;;;;
2022-01-01;DE;Leonberg;1;17;;;;
2022-01-01;DE;Limburg an der Lahn;1;0;;;;
2022-01-01;DE;Lippstadt;1;0;;;;
2022-01-01;DE;Lister Meile 35a;1;3;;;;
2022-01-01;DE;Lohmar;1;1;;;;
2022-01-01;DE;Lohne;1;1;;;;
2022-01-01;DE;Ludwigshafen;1;33;;;;
2022-01-01;DE;L??bau;1;3;;;;
2022-01-01;DE;L?ºdinghausen;1;20;;;;
2022-01-01;DE;Mainz, Mombach;1;6;;;;
2022-01-01;DE;Marburg;1;26;;;;
2022-01-01;DE;Markkleeberg;1;0;;;;
2022-01-01;DE;Marktoberdorf;1;5;;;;
2022-01-01;DE;Mayen;1;5;;;;
2022-01-01;DE;Mechernich;1;0;;;;
2022-01-01;DE;Meckenheim;1;19;;;;
2022-01-01;DE;Milmersdorf, Brandenburg;1;2;;;;
2022-01-01;DE;Mindelheim;1;1;;;;
2022-01-01;DE;Mittels??mmern;1;0;;;;
2022-01-01;DE;Moers;1;64;;;;
2022-01-01;DE;Montabaur;1;30;;;;
2022-01-01;DE;Munster;1;24;;;;
2022-01-01;DE;M??lln;1;2;;;;
2022-01-01;DE;M??mbris;1;1;;;;
2022-01-01;DE;M??rfelden-Walldorf;1;7;;;;
2022-01-01;DE;M?ºnchen, Forstenried - Solln;1;5;;;;
2022-01-01;DE;M?ºnsterstra?üe 497 ;1;26;;;;
2022-01-01;DE;Nagold;1;37;;;;
2022-01-01;DE;Neu-Ulm;1;1;;;;
2022-01-01;DE;Neue Ramtelstra?üe 30/1;1;0;;;;
2022-01-01;DE;Neuenhaus;1;5;;;;
2022-01-01;DE;Neukirchen-Vluyn;1;19;;;;
2022-01-01;DE;Neum?ºnster;1;0;;;;
2022-01-01;DE;Neuruppin;1;29;;;;
2022-01-01;DE;Neuseddin;1;7;;;;
2022-01-01;DE;Neustadt;1;0;;;;
2022-01-01;DE;Neustadt am R?ºbenberge/ Helstorf;1;2;;;;
2022-01-01;DE;Neustadt in Holstein;1;0;;;;
2022-01-01;DE;Niederkassel;1;3;;;;
2022-01-01;DE;Niederkassel-Rheidt;1;8;;;;
2022-01-01;DE;Niederkr?ºchten;1;97;;;;
2022-01-01;DE;Niedermohr;1;0;;;;
2022-01-01;DE;Niederneisen;1;46;;;;
2022-01-01;DE;Niedernhausen;1;3;;;;
2022-01-01;DE;Niederselters;1;2;;;;
2022-01-01;DE;Niefern-?ñschelbronn;1;7;;;;
2022-01-01;DE;Nord;1;3;;;;
2022-01-01;DE;Nuthetal;1;57;;;;
2022-01-01;DE;N?ºrnberg, Innenstadt;1;28;;;;
2022-01-01;DE;Obereisesheim;1;13;;;;
2022-01-01;DE;Oberursel;1;13;;;;
2022-01-01;DE;Oberursel (Taunus);1;55;;;;
2022-01-01;DE;Ochsenhausen;1;8;;;;
2022-01-01;DE;Odenthal;1;2;;;;
2022-01-01;DE;Oerlinghausen;1;37;;;;
2022-01-01;DE;Oldenburg in Holstein;1;2;;;;
2022-01-01;DE;Olfen;1;96;;;;
2022-01-01;DE;Osterholz-Scharmbeck;1;1;;;;
2022-01-01;DE;Paderborn;1;2;;;;
2022-01-01;DE;Palzem;1;23;;;;
2022-01-01;DE;Papenburg;1;1;;;;
2022-01-01;DE;Peiting;1;7;;;;
2022-01-01;DE;Penzberg;1;0;;;;
2022-01-01;DE;Pfaffenhofen an der Ilm;1;1;;;;
2022-01-01;DE;Pocking;1;6;;;;
2022-01-01;DE;Pohlheim;1;1;;;;
2022-01-01;DE;Preetz;1;141;;;;
2022-01-01;DE;Pulheim;1;1;;;;
2022-01-01;DE;P?ºttlingen;1;5;;;;
2022-01-01;DE;Quadrate;1;1;;;;
2022-01-01;DE;Quedlinburg;1;263;;;;
2022-01-01;DE;Radebeul;1;4;;;;
2022-01-01;DE;Radeburg;1;21;;;;
2022-01-01;DE;Ratingen;1;59;;;;
2022-01-01;DE;Ratzeburg;1;46;;;;
2022-01-01;DE;Ravensburg;1;1;;;;
2022-01-01;DE;Remscheid;1;9;;;;
2022-01-01;DE;Renningen;1;0;;;;
2022-01-01;DE;Reutlingen;1;9;;;;
2022-01-01;DE;Rheinbach;1;12;;;;
2022-01-01;DE;Rheinberg;1;25;;;;
2022-01-01;DE;Rheine;1;1;;;;
2022-01-01;DE;Rheinfelden;1;34;;;;
2022-01-01;DE;Riedlingen;1;0;;;;
2022-01-01;DE;Rodenbach;1;65;;;;
2022-01-01;DE;Rosenheim;1;39;;;;
2022-01-01;DE;Rotenburg;1;1;;;;
2022-01-01;DE;Rothenburg ob der Tauber;1;53;;;;
2022-01-01;DE;Rottach-Egern;1;2;;;;
2022-01-01;DE;Ruhland;1;50;;;;
2022-01-01;DE;Saarburg;1;5;;;;
2022-01-01;DE;Sankt Augustin;1;9;;;;
2022-01-01;DE;Schee?üel;1;0;;;;
2022-01-01;DE;Schondorf am Ammersee;1;22;;;;
2022-01-01;DE;Schwabach;1;10;;;;
2022-01-01;DE;Schwaig bei N?ºrnberg;1;37;;;;
2022-01-01;DE;Schwarzenbek;1;80;;;;
2022-01-01;DE;Schweinfurt;1;56;;;;
2022-01-01;DE;Schwerte;1;0;;;;
2022-01-01;DE;Sch??nau im Schwarzwald;1;6;;;;
2022-01-01;DE;Sch??nwald;1;56;;;;
2022-01-01;DE;Seefeld-Hechendorf;1;0;;;;
2022-01-01;DE;Selters;1;1;;;;
2022-01-01;DE;Sendenhorst;1;8;;;;
2022-01-01;DE;Siegburg;1;1;;;;
2022-01-01;DE;Sindelfingen;1;4;;;;
2022-01-01;DE;Singen;1;3;;;;
2022-01-01;DE;Spaichingen;1;17;;;;
2022-01-01;DE;Speichersdorf;1;0;;;;
2022-01-01;DE;Spreewaldallee 44;1;35;;;;
2022-01-01;DE;St. Wendel;1;19;;;;
2022-01-01;DE;Stade;1;68;;;;
2022-01-01;DE;Stadtbergen;1;0;;;;
2022-01-01;DE;Stadtmitte;1;11;;;;
2022-01-01;DE;Stein bei N?ºrnberg;1;3;;;;
2022-01-01;DE;Steinfurt;1;70;;;;
2022-01-01;DE;Sterbfritz;1;66;;;;
2022-01-01;DE;Stockach;1;73;;;;
2022-01-01;DE;Stockelsdorf;1;0;;;;
2022-01-01;DE;Straubing;1;2;;;;
2022-01-01;DE;Summerstra?üe 32;1;3;;;;
2022-01-01;DE;Syke;1;1;;;;
2022-01-01;DE;Sylt;1;0;;;;
2022-01-01;DE;S??gel;1;20;;;;
2022-01-01;DE;S?ºdstadt;1;22;;;;
2022-01-01;DE;Taunusstein, Hessen;1;74;;;;
2022-01-01;DE;Taunusstein-Hahn;1;8;;;;
2022-01-01;DE;Templin;1;9;;;;
2022-01-01;DE;Todtnau;1;104;;;;
2022-01-01;DE;Travem?ºnde;1;1;;;;
2022-01-01;DE;Trier, Innenstadt;1;127;;;;
2022-01-01;DE;Trier, Mitte;1;146;;;;
2022-01-01;DE;Trier-S?ºd;1;6;;;;
2022-01-01;DE;T??nisvorst;1;29;;;;
2022-01-01;DE;Unna;1;12;;;;
2022-01-01;DE;Vahrenwald-List;1;1;;;;
2022-01-01;DE;Varel;1;0;;;;
2022-01-01;DE;Vechta;1;0;;;;
2022-01-01;DE;Verden;1;65;;;;
2022-01-01;DE;Versmold;1;0;;;;
2022-01-01;DE;Viersen;1;18;;;;
2022-01-01;DE;Waiblingen;1;2;;;;
2022-01-01;DE;Walsrode;1;0;;;;
2022-01-01;DE;Weilheim;1;0;;;;
2022-01-01;DE;Werne;1;87;;;;
2022-01-01;DE;Wesel;1;109;;;;
2022-01-01;DE;Wesseling;1;2;;;;
2022-01-01;DE;Wetzlar;1;1;;;;
2022-01-01;DE;Weyhe;1;0;;;;
2022-01-01;DE;Wiesbaden, Innenstadt;1;36;;;;
2022-01-01;DE;Wiesbaden-Mitte;1;10;;;;
2022-01-01;DE;Wiesloch;1;89;;;;
2022-01-01;DE;Wietzendorf;1;19;;;;
2022-01-01;DE;Wilhelmshaven;1;19;;;;
2022-01-01;DE;Wismar;1;16;;;;
2022-01-01;DE;Witten;1;29;;;;
2022-01-01;DE;Wittenberg;1;1;;;;
2022-01-01;DE;Wolfenb?ºttel;1;32;;;;
2022-01-01;DE;Worms;1;5;;;;
2022-01-01;DE;W?ºrselen;1;4;;;;
2022-01-01;DE;Zeven;1;0;;;;
2022-01-01;DE;Zossen;1;0;;;;
2022-01-01;DE;Zweibr?ºcken;1;0;;;;
2022-01-01;DE;im B?ºrocenter der Leuna-Werke, Haupteingang - Erdgeschoss;1;46;;;;
2022-01-01;DE;"im EKZ ""B?ºschdorfer Mitte""";1;139;;;;
2022-01-01;DE;?ºber den Hof hinten Links;1;6;;;;
2022-01-01;DE;Aachen, Burtscheid;;;;;;
2022-01-01;DE;Biesenthal;;;;;;
2022-01-01;DE;Buchloe;;;;;;
2022-01-01;DE;Butzbach;;;;;;
2022-01-01;DE;Elsenfeld;;;;;;
2022-01-01;DE;Geestland;;;;;;
2022-01-01;DE;Haltern am See;;;;;;
2022-01-01;DE;H?ºnfeld;;;;;;
2022-01-01;DE;Kitzingen;;;;;;
2022-01-01;DE;Kleinostheim;;;;;;
2022-01-01;DE;Lenting;;;;;;
2022-01-01;DE;Lindlar;;;;;;
2022-01-01;DE;L?ºbeck-Travem?ºnde;;;;;;
2022-01-01;DE;Miltenberg;;;;;;
2022-01-01;DE;Neckarsulm;;;;;;
2022-01-01;DE;Troisdorf;;;;;;
2022-01-01;DE;Willich;;;;;;
2022-01-01;DE;?ñhringen;;;;;;
2022-02-01;GB;London;3.896;35,83;;;;
2022-02-01;GB;Manchester;475;34,78;;;;
2022-02-01;GB;Edinburgh;225;29,8;;;;
2022-02-01;GB;Glasgow;212;31,03;;;;
2022-02-01;GB;Leeds;206;29,42;;;;
2022-02-01;GB;Birmingham;155;25,1;;;;
2022-02-01;GB;Liverpool;110;42,5;;;;
2022-02-01;GB;Bristol;90;35,01;;;;
2022-02-01;GB;Brighton and Hove;79;33,18;;;;
2022-02-01;GB;Newcastle-upon-tyne;50;18,08;;;;
2022-02-01;GB;Sheffield;23;26;;;;
2022-02-01;GB;Nottingham;12;17,5;;;;
2022-02-01;GB;Cambridge;11;25,09;;;;
2022-02-01;GB;Cardiff;9;36,78;;;;
2022-02-01;GB;;14;2,93;;;;
2022-02-01;GB;Bournemouth;8;14,38;;;;
2022-02-01;GB;Colchester;7;11,86;;;;
2022-02-01;GB;Derby;5;14,6;;;;
2022-02-01;GB;Northampton;7;21,86;;;;
2022-02-01;GB;Walsall;7;24;;;;
2022-02-01;GB;Accrington;4;29;;;;
2022-02-01;GB;Arnold;4;17,75;;;;
2022-02-01;GB;Coventry;4;22,25;;;;
2022-02-01;GB;Southampton;6;8,17;;;;
2022-02-01;GB;Stourbridge;4;19;;;;
2022-02-01;GB;Chester;3;34;;;;
2022-02-01;GB;Congleton;3;27,67;;;;
2022-02-01;GB;Darlington;3;6,33;;;;
2022-02-01;GB;Hitchin;3;25;;;;
2022-02-01;GB;Huddersfield;3;16;;;;
2022-02-01;GB;Leamington Spa;3;20,33;;;;
2022-02-01;GB;Leicester ;3;5;;;;
2022-02-01;GB;Milton Keynes;3;11,33;;;;
2022-02-01;GB;Portsmouth;3;24,67;;;;
2022-02-01;GB;Redditch;3;1,67;;;;
2022-02-01;GB;Torquay;3;9,33;;;;
2022-02-01;GB;Wellingborough;3;4,33;;;;
2022-02-01;GB;Wolverhampton;3;6,67;;;;
2022-02-01;GB;205 Queens Road;1;5;;;;
2022-02-01;GB;3 Trinity Walk;2;14,5;;;;
2022-02-01;GB;314 Lichfield Road;2;6;;;;
2022-02-01;GB;Aberdeen;2;10,5;;;;
2022-02-01;GB;Banbury;3;16;;;;
2022-02-01;GB;Bath;2;15;;;;
2022-02-01;GB;Bedford;2;31,5;;;;
2022-02-01;GB;Beeston;2;6;;;;
2022-02-01;GB;Bilston;2;6;;;;
2022-02-01;GB;Boscombe;2;38;;;;
2022-02-01;GB;Bromsgrove;3;3,33;;;;
2022-02-01;GB;Chippenham;2;5;;;;
2022-02-01;GB;Ellesmere Port;1;44;;;;
2022-02-01;GB;Hamilton;2;17,5;;;;
2022-02-01;GB;Haverhill;2;15;;;;
2022-02-01;GB;Huntingdon;2;6;;;;
2022-02-01;GB;Kirkburton;2;109,5;;;;
2022-02-01;GB;Leighton Buzzard;2;7;;;;
2022-02-01;GB;Macclesfield;2;160;;;;
2022-02-01;GB;Middlesbrough;2;13,5;;;;
2022-02-01;GB;Mold;3;12;;;;
2022-02-01;GB;Ormskirk;2;8,5;;;;
2022-02-01;GB;Ramsgate;2;9,5;;;;
2022-02-01;GB;Renfrew;1;29;;;;
2022-02-01;GB;Royal Zone;2;59,5;;;;
2022-02-01;GB;Rugby;2;4,5;;;;
2022-02-01;GB;Sandy;2;20;;;;
2022-02-01;GB;Southsea;2;32;;;;
2022-02-01;GB;Spalding;2;1,5;;;;
2022-02-01;GB;Stotfold;2;44,5;;;;
2022-02-01;GB;Sutton Coldfield;3;15,67;;;;
2022-02-01;GB;West Bridgford;2;47,5;;;;
2022-02-01;GB;Witney;2;71,5;;;;
2022-02-01;GB;Worthing;2;7,5;;;;
2022-02-01;GB; Northampton;1;3;;;;
2022-02-01;GB;(Off London Street);1;5;;;;
2022-02-01;GB;1 Bakers Lane;1;0;;;;
2022-02-01;GB;1 Deva Court, Lightfoot Street;1;15;;;;
2022-02-01;GB;1 Lansdown Road;1;3;;;;
2022-02-01;GB;1 Leys Avenue;1;85;;;;
2022-02-01;GB;1 Love Lane;1;33;;;;
2022-02-01;GB;1 Middle Pavement;1;35;;;;
2022-02-01;GB;1 Norfolk street;1;62;;;;
2022-02-01;GB;1-2 Southview Parade (Rear Part) ;1;44;;;;
2022-02-01;GB;102 Bromyard Road;1;0;;;;
2022-02-01;GB;109 Milton Street;1;118;;;;
2022-02-01;GB;118 Hight Street;1;0;;;;
2022-02-01;GB;12 Coventry Road;1;19;;;;
2022-02-01;GB;12 Utkinton Rd;1;20;;;;
2022-02-01;GB;12 Vicarage Place;1;4;;;;
2022-02-01;GB;121 Newland Avenue;1;33;;;;
2022-02-01;GB;13 Dolphin Centre ;1;3;;;;
2022-02-01;GB;13 Waterloo Road;1;14;;;;
2022-02-01;GB;132 High street;1;18;;;;
2022-02-01;GB;132 Pound Way ;1;109;;;;
2022-02-01;GB;14 Royal Arcade;1;7;;;;
2022-02-01;GB;141-163 Silbury Boulevard;1;1;;;;
2022-02-01;GB;15 Avis Way;1;5;;;;
2022-02-01;GB;150 Borough Road;1;3;;;;
2022-02-01;GB;153 Newbridge Road;1;1;;;;
2022-02-01;GB;156 Hagley Road;1;0;;;;
2022-02-01;GB;17 Alcester Street;1;15;;;;
2022-02-01;GB;171 South Street;1;1;;;;
2022-02-01;GB;174 Cowley Road ;1;32;;;;
2022-02-01;GB;177A Victoria Road;1;68;;;;
2022-02-01;GB;180 Banbury Road ;1;30;;;;
2022-02-01;GB;19 Melrose Avenue;1;8;;;;
2022-02-01;GB;195 Rosemount Place;1;5;;;;
2022-02-01;GB;1A George Street;1;4;;;;
2022-02-01;GB;1a-Gold Street;1;14;;;;
2022-02-01;GB;2 Fox Valley Way;1;4;;;;
2022-02-01;GB;2 Sunderland St;1;15;;;;
2022-02-01;GB;20 School Hill;1;22;;;;
2022-02-01;GB;20 Vicarage Road;1;77;;;;
2022-02-01;GB;21 Belmont Street;1;11;;;;
2022-02-01;GB;226 Dogsthorpe Road;1;1;;;;
2022-02-01;GB;226 Market Way;1;3;;;;
2022-02-01;GB;23 High Street,;1;6;;;;
2022-02-01;GB;23 Westgate ;1;10;;;;
2022-02-01;GB;230 High Street ;1;9;;;;
2022-02-01;GB;25A Market Place;;;;;;
2022-02-01;GB;277 Hoylake Road;1;14;;;;
2022-02-01;GB;28 King Street;1;17;;;;
2022-02-01;GB;280 Painswick Road;1;11;;;;
2022-02-01;GB;3 Abbey Road;1;8;;;;
2022-02-01;GB;3 Back Hilton Road;1;9;;;;
2022-02-01;GB;3 newton bungalows whiteparish Salisbury;1;0;;;;
2022-02-01;GB;30 Kirkstall Close ;1;3;;;;
2022-02-01;GB;312-314 Foleshill Rd;1;17;;;;
2022-02-01;GB;33 Columbus ravine;1;2;;;;
2022-02-01;GB;33 Hamilton Road;1;6;;;;
2022-02-01;GB;33 Kennet SHOPPING Centre;1;1;;;;
2022-02-01;GB;333 King Street;1;14;;;;
2022-02-01;GB;34 Great Western Road;1;9;;;;
2022-02-01;GB;36 Regent Street;1;82;;;;
2022-02-01;GB;41 St.John's St ;1;1;;;;
2022-02-01;GB;42A Gordon Road;;;;;;
2022-02-01;GB;44 West Main Street;1;4;;;;
2022-02-01;GB;44 Wolfreton Road;1;2;;;;
2022-02-01;GB;44-48 Magdalen Street;1;9;;;;
2022-02-01;GB;45 Barton Road;1;49;;;;
2022-02-01;GB;46 West Main Street;1;1;;;;
2022-02-01;GB;46-48 The Hornet;1;0;;;;
2022-02-01;GB;5 Mentmore Road;1;1;;;;
2022-02-01;GB;51 Hoole Road;1;29;;;;
2022-02-01;GB;52 Cornmarket Street;1;18;;;;
2022-02-01;GB;52 Plymouth Street;1;2;;;;
2022-02-01;GB;52A Plymouth Street;1;14;;;;
2022-02-01;GB;53-57 Lensfield Road;1;15;;;;
2022-02-01;GB;64 Chestergate;1;6;;;;
2022-02-01;GB;6th Floor;;;;;;
2022-02-01;GB;7 Church Street;;;;;;
2022-02-01;GB;7 Duckworth Court;1;10;;;;
2022-02-01;GB;74 Station Road;1;2;;;;
2022-02-01;GB;79 Gunwharf Quays;1;1;;;;
2022-02-01;GB;8 Highland Road;1;11;;;;
2022-02-01;GB;8 Spaines Road;1;2;;;;
2022-02-01;GB;8 Trinity Walk;1;50;;;;
2022-02-01;GB;83a Wyle Cop;1;3;;;;
2022-02-01;GB;9 Main Road;1;23;;;;
2022-02-01;GB;9 Pools Lane;1;9;;;;
2022-02-01;GB;ACCRINGTON;1;9;;;;
2022-02-01;GB;Abbey Road,;;;;;;
2022-02-01;GB;Aberystwyth;1;5;;;;
2022-02-01;GB;Abingdon-On-Thames;1;29;;;;
2022-02-01;GB;Abshot Country Club;1;10;;;;
2022-02-01;GB;Alvaston;1;16;;;;
2022-02-01;GB;Andover;1;1;;;;
2022-02-01;GB;Anlaby Common;1;18;;;;
2022-02-01;GB;Arkleston Road;;;;;;
2022-02-01;GB;Ashington;1;40;;;;
2022-02-01;GB;Aspley;1;32;;;;
2022-02-01;GB;Aston Road;1;6;;;;
2022-02-01;GB;Astwood Bank;1;1;;;;
2022-02-01;GB;Atherstone;1;12;;;;
2022-02-01;GB;Aylesbury;1;16;;;;
2022-02-01;GB;Bakewell;1;1;;;;
2022-02-01;GB;Bangor ;1;5;;;;
2022-02-01;GB;Bartholemew street ;1;29;;;;
2022-02-01;GB;Basingstoke;1;34;;;;
2022-02-01;GB;Bearpark;1;18;;;;
2022-02-01;GB;Bedlington;1;16;;;;
2022-02-01;GB;Belfast;2;16;;;;
2022-02-01;GB;Bicester;1;59;;;;
2022-02-01;GB;Bideford;1;0;;;;
2022-02-01;GB;Biggleswade;1;33;;;;
2022-02-01;GB;Bingham;1;13;;;;
2022-02-01;GB;Birkenhead;1;37;;;;
2022-02-01;GB;Bishops Green Common;1;5;;;;
2022-02-01;GB;Blackburn;1;10;;;;
2022-02-01;GB;Blackpool;1;0;;;;
2022-02-01;GB;Blakenhall;1;2;;;;
2022-02-01;GB;Botley Mills;1;44;;;;
2022-02-01;GB;Bourne;1;0;;;;
2022-02-01;GB;Bournemouth Town Centre;1;20;;;;
2022-02-01;GB;Bradford;1;11;;;;
2022-02-01;GB;Brewery court;1;61;;;;
2022-02-01;GB;Bridge of Allan ;1;11;;;;
2022-02-01;GB;Brierley Hill;1;0;;;;
2022-02-01;GB;Bromborough;1;3;;;;
2022-02-01;GB;Broughton;1;5;;;;
2022-02-01;GB;Brunel shopping centre ;1;32;;;;
2022-02-01;GB;Buckingham;1;7;;;;
2022-02-01;GB;Buckinghamshire;1;1;;;;
2022-02-01;GB;Cambridge Leisure park;1;50;;;;
2022-02-01;GB;Capel Road;1;2;;;;
2022-02-01;GB;Carbis Bay;1;0;;;;
2022-02-01;GB;Cardea;1;15;;;;
2022-02-01;GB;Carlisle;1;0;;;;
2022-02-01;GB;Carlton;1;8;;;;
2022-02-01;GB;Carrington ;1;31;;;;
2022-02-01;GB;Castle Street;1;18;;;;
2022-02-01;GB;Chaddesden;1;6;;;;
2022-02-01;GB;Chapel-en-le-Frith;1;46;;;;
2022-02-01;GB;Cheltenham;1;36;;;;
2022-02-01;GB;Cherry Street;1;3;;;;
2022-02-01;GB;Chesterfield;1;1;;;;
2022-02-01;GB;Cheveley Park Shopping Centre;1;24;;;;
2022-02-01;GB;Chichester;1;4;;;;
2022-02-01;GB;Cider Mill Lane,;1;1;;;;
2022-02-01;GB;Cleckheaton;1;25;;;;
2022-02-01;GB;Codsall;1;7;;;;
2022-02-01;GB;Comberton;1;18;;;;
2022-02-01;GB;Coventry City Centre;1;6;;;;
2022-02-01;GB;Cowbridge;1;0;;;;
2022-02-01;GB;Coxhoe;1;35;;;;
2022-02-01;GB;Crewe;1;0;;;;
2022-02-01;GB;Crieff Road;;;;;;
2022-02-01;GB;Crosslee;1;5;;;;
2022-02-01;GB;Crowland;1;0;;;;
2022-02-01;GB;Crown Walk;1;9;;;;
2022-02-01;GB;Crowngate Shopping Centre;1;13;;;;
2022-02-01;GB;Cults;;;;;;
2022-02-01;GB;Curie Avenue ;1;41;;;;
2022-02-01;GB;Daybrook;1;6;;;;
2022-02-01;GB;Didcot;1;15;;;;
2022-02-01;GB;Downs Bard;1;20;;;;
2022-02-01;GB;Downton,;1;3;;;;
2022-02-01;GB;Droitwich Spa;1;11;;;;
2022-02-01;GB;Durham Road;1;3;;;;
2022-02-01;GB;Duston;1;2;;;;
2022-02-01;GB;Duxford;1;2;;;;
2022-02-01;GB;Eaglewood park;1;7;;;;
2022-02-01;GB;Earlsdon;1;14;;;;
2022-02-01;GB;East Riding of Yorkshire;1;10;;;;
2022-02-01;GB;Elderslie;1;44;;;;
2022-02-01;GB;Elsworth;1;2;;;;
2022-02-01;GB;Evington.;1;2;;;;
2022-02-01;GB;Eyemouth;1;3;;;;
2022-02-01;GB;Fair Oak;1;55;;;;
2022-02-01;GB;Fareham;1;22;;;;
2022-02-01;GB;Festival Place Shopping Centre;1;14;;;;
2022-02-01;GB;Festival Way,;1;32;;;;
2022-02-01;GB;Finham;1;0;;;;
2022-02-01;GB;First Floor;1;48;;;;
2022-02-01;GB;Fletton;1;0;;;;
2022-02-01;GB;Flitwick ;1;0;;;;
2022-02-01;GB;Fontley Road ;1;2;;;;
2022-02-01;GB;Fosse House;1;9;;;;
2022-02-01;GB;Four Oaks;1;12;;;;
2022-02-01;GB;Fox Valley;1;14;;;;
2022-02-01;GB;Framwellgate  Moore;1;26;;;;
2022-02-01;GB;Friary Close, Marmion Road;1;0;;;;
2022-02-01;GB;Gamlingay;1;27;;;;
2022-02-01;GB;Gedling ;1;0;;;;
2022-02-01;GB;Gilesgate;1;17;;;;
2022-02-01;GB;Gladeside;1;13;;;;
2022-02-01;GB;Gloucestershire;1;3;;;;
2022-02-01;GB;Grange Road;1;0;;;;
2022-02-01;GB;Great Horton Road;1;0;;;;
2022-02-01;GB;Great Sutton;1;5;;;;
2022-02-01;GB;Great Wilbraham;1;5;;;;
2022-02-01;GB;Great Wyrley;1;4;;;;
2022-02-01;GB;Guild Street;;;;;;
2022-02-01;GB;Hall Street;1;16;;;;
2022-02-01;GB;Hamstreet;1;1;;;;
2022-02-01;GB;Hanley ;1;3;;;;
2022-02-01;GB;Harthill;1;5;;;;
2022-02-01;GB;Havant ;1;31;;;;
2022-02-01;GB;Headington;1;48;;;;
2022-02-01;GB;Headless Cross;1;23;;;;
2022-02-01;GB;Hebden Bridge;1;0;;;;
2022-02-01;GB;Helston Road;1;5;;;;
2022-02-01;GB;Henley-in-Arden;1;0;;;;
2022-02-01;GB;Heswall;1;22;;;;
2022-02-01;GB;Hexton Road;1;6;;;;
2022-02-01;GB;High Street;1;0;;;;
2022-02-01;GB;High Street, ;1;0;;;;
2022-02-01;GB;Hollandbush Crescent;1;0;;;;
2022-02-01;GB;Horne Lane;1;12;;;;
2022-02-01;GB;Hull;1;7;;;;
2022-02-01;GB;Humber Place;1;82;;;;
2022-02-01;GB;Idle;1;8;;;;
2022-02-01;GB;Johnstone;1;80;;;;
2022-02-01;GB;KINGSWINFORD;1;6;;;;
2022-02-01;GB;Kelsey Kerridge Sports Centre;1;6;;;;
2022-02-01;GB;Kent;1;1;;;;
2022-02-01;GB;King's Lynn;1;3;;;;
2022-02-01;GB;Kings Lynn;1;1;;;;
2022-02-01;GB;Kirklees;1;0;;;;
2022-02-01;GB;Knobsbury Lane;1;0;;;;
2022-02-01;GB;Knowle;1;45;;;;
2022-02-01;GB;Lace Market Zone;1;7;;;;
2022-02-01;GB;Langley Park;1;0;;;;
2022-02-01;GB;Leamington spa;1;2;;;;
2022-02-01;GB;Leckhampton;1;111;;;;
2022-02-01;GB;Letchworth Garden City;1;15;;;;
2022-02-01;GB;Leverington;1;1;;;;
2022-02-01;GB;Lincoln;1;2;;;;
2022-02-01;GB;Linslade;1;2;;;;
2022-02-01;GB;Lochgelly;1;12;;;;
2022-02-01;GB;Long Eaton;1;14;;;;
2022-02-01;GB;Longhaven;1;1;;;;
2022-02-01;GB;Lynn Road;1;42;;;;
2022-02-01;GB;Lytham St Annes;;;;;;
2022-02-01;GB;Malmesbury;1;16;;;;
2022-02-01;GB;Mander Centre;1;4;;;;
2022-02-01;GB;Manor Road;1;45;;;;
2022-02-01;GB;Mapperley;1;14;;;;
2022-02-01;GB;Market Harborough;1;11;;;;
2022-02-01;GB;Market Street;1;196;;;;
2022-02-01;GB;Mawdesley;1;1;;;;
2022-02-01;GB;Milford on Sea;1;8;;;;
2022-02-01;GB;Mote Hill;;;;;;
2022-02-01;GB;Musgrave Row;1;1;;;;
2022-02-01;GB;Netherton;1;7;;;;
2022-02-01;GB;Newmarket;1;53;;;;
2022-02-01;GB;Newport Pagnell;1;11;;;;
2022-02-01;GB;Newton Longville;1;65;;;;
2022-02-01;GB;Northallerton;1;43;;;;
2022-02-01;GB;Northampton Business Centre;1;22;;;;
2022-02-01;GB;Norwich;1;69;;;;
2022-02-01;GB;Ocean Village;1;28;;;;
2022-02-01;GB;Old Chappel Drive;1;7;;;;
2022-02-01;GB;Old Clatterbridge Road.;1;0;;;;
2022-02-01;GB;Old Town;2;3;;;;
2022-02-01;GB;Oldbrook ;1;24;;;;
2022-02-01;GB;Oriel Road;1;16;;;;
2022-02-01;GB;Osney;1;35;;;;
2022-02-01;GB;Oxford;1;1;;;;
2022-02-01;GB;Oxford Road;1;51;;;;
2022-02-01;GB;Parkstone;1;4;;;;
2022-02-01;GB;Petlands Road;1;15;;;;
2022-02-01;GB;Phoenix House;1;12;;;;
2022-02-01;GB;Pickering;1;29;;;;
2022-02-01;GB;Plough Road Business Centre;1;29;;;;
2022-02-01;GB;Plymouth;1;27;;;;
2022-02-01;GB;Pokesdown;1;11;;;;
2022-02-01;GB;Ponteland;1;5;;;;
2022-02-01;GB;Poole Dorset;1;0;;;;
2022-02-01;GB;Port Talbot;1;50;;;;
2022-02-01;GB;Purley on Thames;1;5;;;;
2022-02-01;GB;Queen Anne Terrace;1;62;;;;
2022-02-01;GB;Queniborough;1;20;;;;
2022-02-01;GB;Rawtenstall ;1;7;;;;
2022-02-01;GB;Riverside;1;4;;;;
2022-02-01;GB;Salisbury;1;30;;;;
2022-02-01;GB;Sandiacre;1;1;;;;
2022-02-01;GB;Scotton;1;18;;;;
2022-02-01;GB;Sherwood;1;54;;;;
2022-02-01;GB;Shilbottle;1;62;;;;
2022-02-01;GB;Shirley;1;31;;;;
2022-02-01;GB;Shrewsbury;1;6;;;;
2022-02-01;GB;South Green;1;132;;;;
2022-02-01;GB;Southampton,;1;7;;;;
2022-02-01;GB;Southcrest;1;17;;;;
2022-02-01;GB;Southport;1;0;;;;
2022-02-01;GB;Springvale Works;1;65;;;;
2022-02-01;GB;St Andrews;1;10;;;;
2022-02-01;GB;St Helier;1;1;;;;
2022-02-01;GB;St James;1;0;;;;
2022-02-01;GB;St Leonards On Sea ;1;2;;;;
2022-02-01;GB;Stanley;1;12;;;;
2022-02-01;GB;Station Road;2;21;;;;
2022-02-01;GB;Steyning;1;2;;;;
2022-02-01;GB;Stoke-on-Trent;1;81;;;;
2022-02-01;GB;Stone;1;1;;;;
2022-02-01;GB;Stony Stratford;1;16;;;;
2022-02-01;GB;Stratford-Upon-Avon;1;2;;;;
2022-02-01;GB;Strelley ;1;1;;;;
2022-02-01;GB;Sunderland;;;;;;
2022-02-01;GB;Sunnyhill;1;16;;;;
2022-02-01;GB;Sussex;1;1;;;;
2022-02-01;GB;Sutton in Ashfield;1;13;;;;
2022-02-01;GB;Swansea;1;158;;;;
2022-02-01;GB;Swansgate Shopping Centre;1;8;;;;
2022-02-01;GB;Swindon;1;15;;;;
2022-02-01;GB;The Boundary, ;1;1;;;;
2022-02-01;GB;The Park;1;6;;;;
2022-02-01;GB;The Riverwalk;1;102;;;;
2022-02-01;GB;The Thistles Centre;1;3;;;;
2022-02-01;GB;Thornton-Cleveleys, ;1;33;;;;
2022-02-01;GB;Thorpe Wood;;;;;;
2022-02-01;GB;Tower Road;1;13;;;;
2022-02-01;GB;Trajectus Way;1;44;;;;
2022-02-01;GB;Trent Lock Golf Centre, Lock Lane,;1;26;;;;
2022-02-01;GB;Trowbridge;1;3;;;;
2022-02-01;GB;Unit 10 The Malt House Business Centre ;1;6;;;;
2022-02-01;GB;Unit 2, Lower Terrace, Eureka Leisure Park;1;2;;;;
2022-02-01;GB;Warwick;1;8;;;;
2022-02-01;GB;Warwick Road;1;9;;;;
2022-02-01;GB;Wednesbury Darlaston;1;14;;;;
2022-02-01;GB;Wednesfield;1;3;;;;
2022-02-01;GB;West Chiltington;1;15;;;;
2022-02-01;GB;West Hagley;1;28;;;;
2022-02-01;GB;Westbourne ;1;41;;;;
2022-02-01;GB;Weston Super Mare;1;2;;;;
2022-02-01;GB;Weymouth;1;0;;;;
2022-02-01;GB;Whiteley;1;7;;;;
2022-02-01;GB;Willenhall;1;3;;;;
2022-02-01;GB;Wiremead Lane;1;10;;;;
2022-02-01;GB;Wirral;1;5;;;;
2022-02-01;GB;Wishaw;1;16;;;;
2022-02-01;GB;Wivelsfield Green;1;2;;;;
2022-02-01;GB;Woodthorpe;1;14;;;;
2022-02-01;GB;Woolston;1;8;;;;
2022-02-01;GB;Worcester;1;4;;;;
2022-02-01;GB;Wrexham Road;1;63;;;;
2022-02-01;GB;Yarm;1;10;;;;
2022-02-01;GB;Yelden;1;25;;;;
2022-02-01;GB;nottingham;1;1;;;;
2022-02-01;GB;Preston;2;1,5;;;;
2022-02-01;GB;10 Rookery House;1;1;;;;
2022-02-01;GB;14 The Royal Arcade;1;9;;;;
2022-02-01;GB;156C High Road;1;2;;;;
2022-02-01;GB;166/167 Lower High Street;1;2;;;;
2022-02-01;GB;20 Fore St;1;0;;;;
2022-02-01;GB;20 Rugby Road;1;64;;;;
2022-02-01;GB;5 Harlestone Road;1;0;;;;
2022-02-01;GB;52 Quarry Street;1;5;;;;
2022-02-01;GB;6 Lambourne House;1;0;;;;
2022-02-01;GB;90 The Street;1;0;;;;
2022-02-01;GB;Alport;1;4;;;;
2022-02-01;GB;Barnsley;1;4;;;;
2022-02-01;GB;Belper ;1;3;;;;
2022-02-01;GB;Broxtowe,;1;1;;;;
2022-02-01;GB;Burscough Wharf;1;0;;;;
2022-02-01;GB;Castlegate Drive;1;1;;;;
2022-02-01;GB;Chilwell;1;3;;;;
2022-02-01;GB;Consett;1;0;;;;
2022-02-01;GB;Dunchurch;1;4;;;;
2022-02-01;GB;Ebbw Vale;1;0;;;;
2022-02-01;GB;Edingworth;1;0;;;;
2022-02-01;GB;Emsworth;1;0;;;;
2022-02-01;GB;Exeter;1;1;;;;
2022-02-01;GB;Glenn House;1;0;;;;
2022-02-01;GB;Humberstone;1;10;;;;
2022-02-01;GB;Hyson Green;1;0;;;;
2022-02-01;GB;Kingsgate Shopping Centre ;1;9;;;;
2022-02-01;GB;Kingsley;1;2;;;;
2022-02-01;GB;Kingsteignton Road;1;0;;;;
2022-02-01;GB;Lindley;1;1;;;;
2022-02-01;GB;Maltkiln Road;1;0;;;;
2022-02-01;GB;Marsh;1;5;;;;
2022-02-01;GB;Marsh Huddersfield;1;1;;;;
2022-02-01;GB;Northwich;1;3;;;;
2022-02-01;GB;Oundle;1;2;;;;
2022-02-01;GB;Peartree Business Centre ;1;10;;;;
2022-02-01;GB;Sheerness-on-Sea;1;2;;;;
2022-02-01;GB;Thornbury;1;5;;;;
2022-02-01;GB;Tickford Street;1;2;;;;
2022-02-01;GB;Up past Paignton Harbour straight up to the top of the cliff opposite HARBOUR RISE CARE HOME;1;0;;;;
2022-02-01;GB;Waterfoot;1;2;;;;
2022-02-01;GB;Waterlooville;1;1;;;;
2022-02-01;GB;Weston-Super-Mare;1;3;;;;
2022-02-01;GB;Worksop;1;0;;;;
2022-02-01;ES;Madrid;757;20,84;;;;
2022-02-01;ES;Barcelona;672;18,88;;;;
2022-02-01;ES;Pamplona;2;6,5;;;;
2022-02-01;ES;Valencia;3;2,67;;;;
2022-02-01;ES;Albacete;1;3;;;;
2022-02-01;ES;Alicante;2;2;;;;
2022-02-01;ES;Arona;1;3;;;;
2022-02-01;ES;Badajoz;1;0;;;;
2022-02-01;ES;Burgos 09007;1;3;;;;
2022-02-01;ES;Cangas de Morrazo;1;7;;;;
2022-02-01;ES;Donostia-San Sebasti?°n;1;5;;;;
2022-02-01;ES;Fuente Palmera;1;58;;;;
2022-02-01;ES;Girona;1;8;;;;
2022-02-01;ES;Lanzarote;1;0;;;;
2022-02-01;ES;Marbella;2;13;;;;
2022-02-01;ES;Petrer;1;0;;;;
2022-02-01;ES;Platja d'Aro;1;19;;;;
2022-02-01;ES;Puig Many?†;1;1;;;;
2022-02-01;ES;Salamanca;1;2;;;;
2022-02-01;ES;Zaragoza;1;12;;;;
2022-02-01;ES;Elche;1;0;;;;
2022-02-01;ES;Las Palmas;1;2;;;;
2022-02-01;DE;Berlin;1.224;51,21;;;;
2022-02-01;DE;Hamburg;646;41,47;;;;
2022-02-01;DE;Munich;539;38,99;;;;
2022-02-01;DE;Cologne;249;50,24;;;;
2022-02-01;DE;Dusseldorf;236;40,1;;;;
2022-02-01;DE;Frankfurt;125;43;;;;
2022-02-01;DE;Essen;47;33,98;;;;
2022-02-01;DE;Frankfurt;39;20,87;;;;
2022-02-01;DE;Stuttgart;36;19,42;;;;
2022-02-01;DE;Leipzig;30;41,83;;;;
2022-02-01;DE;Rhein-Kreis Neuss;33;45,15;;;;
2022-02-01;DE;Bonn;25;53,44;;;;
2022-02-01;DE;Dortmund;27;21,74;;;;
2022-02-01;DE;Hannover;24;28,92;;;;
2022-02-01;DE;Dresden;10;11,8;;;;
2022-02-01;DE;Saarbr?ºcken;9;52,56;;;;
2022-02-01;DE;Aachen;8;34,25;;;;
2022-02-01;DE;Braunschweig;9;23,67;;;;
2022-02-01;DE;Krefeld;8;18;;;;
2022-02-01;DE;M??nchengladbach;8;46,88;;;;
2022-02-01;DE;N?ºrnberg;12;25,42;;;;
2022-02-01;DE;M?ºnster;6;34,83;;;;
2022-02-01;DE;Gelsenkirchen;4;26;;;;
2022-02-01;DE;Karlsruhe;6;19,33;;;;
2022-02-01;DE;Leverkusen;6;23,67;;;;
2022-02-01;DE;Wuppertal;5;39,6;;;;
2022-02-01;DE;Darmstadt;5;29,2;;;;
2022-02-01;DE;Hilden;5;13,8;;;;
2022-02-01;DE;Mannheim;6;18,5;;;;
2022-02-01;DE;Ulm;5;13;;;;
2022-02-01;DE;W?ºrzburg;5;37,6;;;;
2022-02-01;DE;Augsburg;4;21,75;;;;
2022-02-01;DE;Fulda;4;6,25;;;;
2022-02-01;DE;Gie?üen;4;10,5;;;;
2022-02-01;DE;Kassel;5;35,4;;;;
2022-02-01;DE;Konstanz;4;31;;;;
2022-02-01;DE;Ludwigsburg;3;2,33;;;;
2022-02-01;DE;L?ºbeck;4;5;;;;
2022-02-01;DE;Oberhausen;2;8;;;;
2022-02-01;DE;Poing;4;95,75;;;;
2022-02-01;DE;Erlangen;3;9,67;;;;
2022-02-01;DE;F?ºrth;3;66,67;;;;
2022-02-01;DE;H?ºrth;4;38;;;;
2022-02-01;DE;Kiel;3;22;;;;
2022-02-01;DE;L??rrach;2;2,5;;;;
2022-02-01;DE;Mainz;3;28;;;;
2022-02-01;DE;Osnabr?ºck;3;12,33;;;;
2022-02-01;DE;Rostock;3;13;;;;
2022-02-01;DE;Xanten;3;43;;;;
2022-02-01;DE;Aachen, Innenstadt;2;8,5;;;;
2022-02-01;DE;Aschaffenburg;2;6;;;;
2022-02-01;DE;Bad Ems;2;8;;;;
2022-02-01;DE;Bad Kreuznach;2;51;;;;
2022-02-01;DE;Bad Schwartau;2;13,5;;;;
2022-02-01;DE;Bad S?§ckingen;2;12,5;;;;
2022-02-01;DE;Baden-Baden;2;3;;;;
2022-02-01;DE;Bamberg;2;48;;;;
2022-02-01;DE;Beckingen;2;21,5;;;;
2022-02-01;DE;Bergisch Gladbach;3;4,33;;;;
2022-02-01;DE;Bremen;2;9;;;;
2022-02-01;DE;Burscheid;2;7;;;;
2022-02-01;DE;Chemnitz;2;40;;;;
2022-02-01;DE;Cottbus;2;20,5;;;;
2022-02-01;DE;Delmenhorst;2;2;;;;
2022-02-01;DE;Dinslaken;2;43;;;;
2022-02-01;DE;D?ºren ;2;12,5;;;;
2022-02-01;DE;Erfurt;2;32,5;;;;
2022-02-01;DE;Ettlingen;2;6;;;;
2022-02-01;DE;Forchheim;2;14,5;;;;
2022-02-01;DE;Frechen;2;17,5;;;;
2022-02-01;DE;Freiburg;2;8,5;;;;
2022-02-01;DE;Friedberg;2;6,5;;;;
2022-02-01;DE;Geretsried;2;14,5;;;;
2022-02-01;DE;Hagen;2;1,5;;;;
2022-02-01;DE;Halle;3;11,33;;;;
2022-02-01;DE;Heilbronn;2;30;;;;
2022-02-01;DE;Hennef;2;5;;;;
2022-02-01;DE;Herne;2;7;;;;
2022-02-01;DE;Ingelheim am Rhein;2;33,5;;;;
2022-02-01;DE;Kerpen;2;35,5;;;;
2022-02-01;DE;Landshut;2;12;;;;
2022-02-01;DE;Laupheim;2;7;;;;
2022-02-01;DE;Mannheim, Quadrate;2;7,5;;;;
2022-02-01;DE;Markt Schwaben;2;55;;;;
2022-02-01;DE;Mosbach;3;13,67;;;;
2022-02-01;DE;M?ºlheim an der Ruhr;2;5;;;;
2022-02-01;DE;Pforzheim;2;8,5;;;;
2022-02-01;DE;Regensburg;2;5,5;;;;
2022-02-01;DE;Schorndorf;2;6,5;;;;
2022-02-01;DE;Schwetzingen;3;8;;;;
2022-02-01;DE;Siegen;2;3;;;;
2022-02-01;DE;Solingen;2;19;;;;
2022-02-01;DE;Soltau;2;41,5;;;;
2022-02-01;DE;Sulzbach;2;27,5;;;;
2022-02-01;DE;S?ºd;2;36,5;;;;
2022-02-01;DE;Timmendorfer Strand;2;1,5;;;;
2022-02-01;DE;T?ºbingen;2;44,5;;;;
2022-02-01;DE;Weiden;2;126;;;;
2022-02-01;DE;Weinheim;2;6,5;;;;
2022-02-01;DE;Wiesbaden;2;5;;;;
2022-02-01;DE;Wildeshausen;2;7,5;;;;
2022-02-01;DE;Winnenden;2;2,5;;;;
2022-02-01;DE;Zwickau;2;2,5;;;;
2022-02-01;DE;Zwickau, Innenstadt;2;13,5;;;;
2022-02-01;DE;;1;154;;;;
2022-02-01;DE;(N?§he Stadtpark);1;22;;;;
2022-02-01;DE;"(beim Friseur ""wir lieben Sch??nheit"")";1;3;;;;
2022-02-01;DE;(hinter der Eisdiele);1;9;;;;
2022-02-01;DE;Achern;1;34;;;;
2022-02-01;DE;Achim;1;0;;;;
2022-02-01;DE;Adelsdorf;1;0;;;;
2022-02-01;DE;Alling;1;16;;;;
2022-02-01;DE;Alsdorf;1;5;;;;
2022-02-01;DE;Altstadt;1;39;;;;
2022-02-01;DE;Angelbachtal;1;14;;;;
2022-02-01;DE;Augsburg, Innenstadt;1;2;;;;
2022-02-01;DE;Babenhausen;1;7;;;;
2022-02-01;DE;Backnang;1;4;;;;
2022-02-01;DE;Bad Abbach;1;0;;;;
2022-02-01;DE;Bad Aibling;1;13;;;;
2022-02-01;DE;Bad F?ºssing;1;4;;;;
2022-02-01;DE;Bad Griesbach im Rottal;1;16;;;;
2022-02-01;DE;Bad Harzburg;1;0;;;;
2022-02-01;DE;Bad Hersfeld;1;1;;;;
2022-02-01;DE;Bad H??nningen;;;;;;
2022-02-01;DE;Bad Lippspringe;1;0;;;;
2022-02-01;DE;Bad Oeynhausen;1;47;;;;
2022-02-01;DE;Bad Rothenfelde;1;1;;;;
2022-02-01;DE;Bad Salzungen;1;1;;;;
2022-02-01;DE;Bad Saulgau;1;19;;;;
2022-02-01;DE;Bad Segeberg;1;5;;;;
2022-02-01;DE;Bad Urach;1;55;;;;
2022-02-01;DE;Bad W??rishofen;1;0;;;;
2022-02-01;DE;Bad Zwischenahn;1;0;;;;
2022-02-01;DE;Baden-W?ºrttemberg - Waldkirch;1;13;;;;
2022-02-01;DE;Badenstedter Str. 130 - 132;1;3;;;;
2022-02-01;DE;Bahnhofstra?üe 1/1;1;18;;;;
2022-02-01;DE;Bahnhofstra?üe 37;1;3;;;;
2022-02-01;DE;Baldham;1;51;;;;
2022-02-01;DE;Bamberg, Innenstadt;1;5;;;;
2022-02-01;DE;Bassenheim;1;24;;;;
2022-02-01;DE;Bayreuth;1;11;;;;
2022-02-01;DE;Bedburg-Hau;1;0;;;;
2022-02-01;DE;Bensberg;1;16;;;;
2022-02-01;DE;Bergheim;1;12;;;;
2022-02-01;DE;Bernburg;1;2;;;;
2022-02-01;DE;Bielefeld;1;41;;;;
2022-02-01;DE;Bietigheim-Bissingen;1;5;;;;
2022-02-01;DE;Bingen am Rhein;1;30;;;;
2022-02-01;DE;Binz;1;2;;;;
2022-02-01;DE;Blankenrath;1;31;;;;
2022-02-01;DE;Blomberg;1;27;;;;
2022-02-01;DE;Bocholt;1;9;;;;
2022-02-01;DE;Bornheim;1;41;;;;
2022-02-01;DE;Brandenburg;1;11;;;;
2022-02-01;DE;Braunschweig, Innenstadt;1;77;;;;
2022-02-01;DE;Buchen;1;1;;;;
2022-02-01;DE;B?ºdingen;1;6;;;;
2022-02-01;DE;B?ºhl;1;38;;;;
2022-02-01;DE;B?ºnde;1;37;;;;
2022-02-01;DE;B?ºttelborn;1;10;;;;
2022-02-01;DE;Chemnitz OT Wittgensdorf;1;1;;;;
2022-02-01;DE;Crailsheim;1;3;;;;
2022-02-01;DE;Dessau-Ro?ülau;1;18;;;;
2022-02-01;DE;Detmold;1;5;;;;
2022-02-01;DE;Dettingen an der Erms;1;5;;;;
2022-02-01;DE;Diepholz;;;;;;
2022-02-01;DE;Dingolfing;1;13;;;;
2022-02-01;DE;Dinkelsb?ºhl;1;10;;;;
2022-02-01;DE;Dorfen;1;80;;;;
2022-02-01;DE;Dornstadt;1;3;;;;
2022-02-01;DE;Dorsten;1;5;;;;
2022-02-01;DE;Dresden (Altstadt);1;43;;;;
2022-02-01;DE;D?§nischburger Landstra?üe 79-81;1;4;;;;
2022-02-01;DE;D?ºsseldorf, Rath;1;37;;;;
2022-02-01;DE;Ebersberg;1;38;;;;
2022-02-01;DE;Ebersdorf bei Bremerv??rde;1;0;;;;
2022-02-01;DE;Eckernf??rde;1;0;;;;
2022-02-01;DE;Eilendorf;1;25;;;;
2022-02-01;DE;Ellenberg;1;1;;;;
2022-02-01;DE;Erftstadt;1;2;;;;
2022-02-01;DE;Erkrath;1;5;;;;
2022-02-01;DE;Erlenbach;1;51;;;;
2022-02-01;DE;Eschwege;;;;;;
2022-02-01;DE;Esslingen;1;1;;;;
2022-02-01;DE;Esslingen am Neckar;1;6;;;;
2022-02-01;DE;Ettlinger-Tor-Platz 1;1;6;;;;
2022-02-01;DE;Eutin;1;9;;;;
2022-02-01;DE;Fa?überg;1;64;;;;
2022-02-01;DE;Fell;1;55;;;;
2022-02-01;DE;Feuchtwangen , Bayern;1;13;;;;
2022-02-01;DE;Fischingen;1;7;;;;
2022-02-01;DE;Forstern;1;0;;;;
2022-02-01;DE;Freising;1;0;;;;
2022-02-01;DE;Freudenstadt;1;35;;;;
2022-02-01;DE;Freystadt;1;1;;;;
2022-02-01;DE;Frohburg;1;0;;;;
2022-02-01;DE;Gadebusch;1;0;;;;
2022-02-01;DE;Ganderkesee;1;4;;;;
2022-02-01;DE;Garmisch Partenkirchen;1;1;;;;
2022-02-01;DE;Garmisch-Partenkirchen;1;1;;;;
2022-02-01;DE;Geldern;1;0;;;;
2022-02-01;DE;Gelsenkirchen-Altstadt;1;21;;;;
2022-02-01;DE;Gengenbach;1;3;;;;
2022-02-01;DE;Georgsmarienh?ºtte;1;0;;;;
2022-02-01;DE;Gerolstein;1;40;;;;
2022-02-01;DE;Gmund am Tegernsee;1;13;;;;
2022-02-01;DE;Goch;1;43;;;;
2022-02-01;DE;Goldbach;1;1;;;;
2022-02-01;DE;Gottmadingen;1;29;;;;
2022-02-01;DE;Greven;1;6;;;;
2022-02-01;DE;Gro?üe Seestra?üe 8;1;2;;;;
2022-02-01;DE;Gro?ür??hrsdorf;1;123;;;;
2022-02-01;DE;Gustav-Adolf-Stra?üe 19;1;8;;;;
2022-02-01;DE;G?ºckingen;1;0;;;;
2022-02-01;DE;G?ºtersloh;1;136;;;;
2022-02-01;DE;Haan;1;1;;;;
2022-02-01;DE;Halle/S.;1;67;;;;
2022-02-01;DE;Hameln;1;2;;;;
2022-02-01;DE;Hamm;1;0;;;;
2022-02-01;DE;Hannover / Spotlight;1;127;;;;
2022-02-01;DE;Hannover, Mitte;1;98;;;;
2022-02-01;DE;Hannover, Oststadt;1;54;;;;
2022-02-01;DE;Harrislee;1;2;;;;
2022-02-01;DE;Hattersheim;1;1;;;;
2022-02-01;DE;Hausham;1;23;;;;
2022-02-01;DE;Heide;1;1;;;;
2022-02-01;DE;Heiligenhafen;1;1;;;;
2022-02-01;DE;Heiligenstadt;1;57;;;;
2022-02-01;DE;Hofheim;1;64;;;;
2022-02-01;DE;Hollenstedt;1;29;;;;
2022-02-01;DE;Horneburg;1;28;;;;
2022-02-01;DE;Husum;1;1;;;;
2022-02-01;DE;Husum-Schob?ºll;1;1;;;;
2022-02-01;DE;H??hr-Grenzhausen;1;8;;;;
2022-02-01;DE;H?ºckeswagen;1;2;;;;
2022-02-01;DE;Im Salon Stilvoll;1;39;;;;
2022-02-01;DE;Ingelbach;1;8;;;;
2022-02-01;DE;Ingolstadt;1;18;;;;
2022-02-01;DE;Innenstadt;1;4;;;;
2022-02-01;DE;Innenstadt, Alter Markt;1;15;;;;
2022-02-01;DE;Jesteburg;1;35;;;;
2022-02-01;DE;Johannes-Cleven-Stra?üe 4;1;11;;;;
2022-02-01;DE;Karlsruhe, Innenstadt;1;5;;;;
2022-02-01;DE;Kassel (Stadtmitte);1;11;;;;
2022-02-01;DE;Kelkheim;1;98;;;;
2022-02-01;DE;Keltenstra?üe 20;1;0;;;;
2022-02-01;DE;Kerken;1;48;;;;
2022-02-01;DE;Kettig;1;27;;;;
2022-02-01;DE;Kirchdorf an der Amper;1;4;;;;
2022-02-01;DE;Kirchentellinsfurt;1;19;;;;
2022-02-01;DE;Kirchlinteln;1;0;;;;
2022-02-01;DE;Kleve;1;0;;;;
2022-02-01;DE;Koblenz;1;0;;;;
2022-02-01;DE;Kolbermoor;1;21;;;;
2022-02-01;DE;K??ln;1;0;;;;
2022-02-01;DE;K??lner Stra?üe 16;1;14;;;;
2022-02-01;DE;K??nnigsbrunn;1;6;;;;
2022-02-01;DE;K??ppern;;;;;;
2022-02-01;DE;K??then;1;2;;;;
2022-02-01;DE;Lahr/Schwarzwald;1;2;;;;
2022-02-01;DE;Landsberg;1;0;;;;
2022-02-01;DE;Landsberg am Lech;1;1;;;;
2022-02-01;DE;Landsberg am Lech, Bayern;1;10;;;;
2022-02-01;DE;Langenfeld (Rheinland);1;4;;;;
2022-02-01;DE;Lauda-K??nigshofen;1;3;;;;
2022-02-01;DE;Lauterbach;1;0;;;;
2022-02-01;DE;Lenningen;1;0;;;;
2022-02-01;DE;Leonberg;1;25;;;;
2022-02-01;DE;Limburg an der Lahn;1;1;;;;
2022-02-01;DE;Lippstadt;1;0;;;;
2022-02-01;DE;Lister Meile 35a;1;3;;;;
2022-02-01;DE;Lohmar;1;0;;;;
2022-02-01;DE;Lohne;1;0;;;;
2022-02-01;DE;Ludwigshafen;1;27;;;;
2022-02-01;DE;L??bau;1;7;;;;
2022-02-01;DE;L?ºdinghausen;1;15;;;;
2022-02-01;DE;Mainz, Mombach;1;9;;;;
2022-02-01;DE;Marburg;1;18;;;;
2022-02-01;DE;Markkleeberg;1;4;;;;
2022-02-01;DE;Marktoberdorf;1;3;;;;
2022-02-01;DE;Mayen;1;6;;;;
2022-02-01;DE;Mechernich;1;0;;;;
2022-02-01;DE;Meckenheim;1;20;;;;
2022-02-01;DE;Milmersdorf, Brandenburg;1;2;;;;
2022-02-01;DE;Mindelheim;1;5;;;;
2022-02-01;DE;Mittels??mmern;1;0;;;;
2022-02-01;DE;Moers;1;64;;;;
2022-02-01;DE;Montabaur;1;25;;;;
2022-02-01;DE;Munster;1;23;;;;
2022-02-01;DE;M??lln;1;0;;;;
2022-02-01;DE;M??mbris;1;0;;;;
2022-02-01;DE;M??rfelden-Walldorf;1;8;;;;
2022-02-01;DE;M?ºnchen, Forstenried - Solln;1;2;;;;
2022-02-01;DE;M?ºnsterstra?üe 497 ;1;24;;;;
2022-02-01;DE;Nagold;1;23;;;;
2022-02-01;DE;Neu-Ulm;1;5;;;;
2022-02-01;DE;Neue Ramtelstra?üe 30/1;1;2;;;;
2022-02-01;DE;Neuenhaus;1;13;;;;
2022-02-01;DE;Neukirchen-Vluyn;1;28;;;;
2022-02-01;DE;Neum?ºnster;;;;;;
2022-02-01;DE;Neuruppin;1;26;;;;
2022-02-01;DE;Neuseddin;1;3;;;;
2022-02-01;DE;Neustadt;1;0;;;;
2022-02-01;DE;Neustadt am R?ºbenberge/ Helstorf;1;3;;;;
2022-02-01;DE;Neustadt in Holstein;1;0;;;;
2022-02-01;DE;Niederkassel;1;10;;;;
2022-02-01;DE;Niederkassel-Rheidt;1;11;;;;
2022-02-01;DE;Niederkr?ºchten;1;86;;;;
2022-02-01;DE;Niedermohr;1;2;;;;
2022-02-01;DE;Niederneisen;1;47;;;;
2022-02-01;DE;Niedernhausen;1;3;;;;
2022-02-01;DE;Niederselters;1;1;;;;
2022-02-01;DE;Niefern-?ñschelbronn;1;3;;;;
2022-02-01;DE;Nord;1;2;;;;
2022-02-01;DE;Nuthetal;1;69;;;;
2022-02-01;DE;N?ºrnberg, Innenstadt;1;19;;;;
2022-02-01;DE;Obereisesheim;1;12;;;;
2022-02-01;DE;Oberursel;1;8;;;;
2022-02-01;DE;Oberursel (Taunus);1;55;;;;
2022-02-01;DE;Ochsenhausen;1;7;;;;
2022-02-01;DE;Odenthal;1;2;;;;
2022-02-01;DE;Oerlinghausen;1;28;;;;
2022-02-01;DE;Oldenburg in Holstein;1;2;;;;
2022-02-01;DE;Olfen;1;82;;;;
2022-02-01;DE;Osterholz-Scharmbeck;1;1;;;;
2022-02-01;DE;Paderborn;1;0;;;;
2022-02-01;DE;Palzem;1;19;;;;
2022-02-01;DE;Papenburg;1;3;;;;
2022-02-01;DE;Peiting;1;5;;;;
2022-02-01;DE;Penzberg;1;1;;;;
2022-02-01;DE;Pfaffenhofen an der Ilm;1;2;;;;
2022-02-01;DE;Pocking;1;3;;;;
2022-02-01;DE;Pohlheim;;;;;;
2022-02-01;DE;Preetz;1;140;;;;
2022-02-01;DE;Pulheim;1;1;;;;
2022-02-01;DE;P?ºttlingen;1;3;;;;
2022-02-01;DE;Quadrate;1;2;;;;
2022-02-01;DE;Quedlinburg;1;254;;;;
2022-02-01;DE;Radebeul;1;2;;;;
2022-02-01;DE;Radeburg;1;32;;;;
2022-02-01;DE;Ratingen;1;61;;;;
2022-02-01;DE;Ratzeburg;1;45;;;;
2022-02-01;DE;Ravensburg;1;0;;;;
2022-02-01;DE;Remscheid;1;10;;;;
2022-02-01;DE;Renningen;1;0;;;;
2022-02-01;DE;Reutlingen;1;14;;;;
2022-02-01;DE;Rheinbach;1;22;;;;
2022-02-01;DE;Rheinberg;1;35;;;;
2022-02-01;DE;Rheine;2;4,5;;;;
2022-02-01;DE;Rheinfelden;1;26;;;;
2022-02-01;DE;Riedlingen;1;0;;;;
2022-02-01;DE;Rodenbach;1;62;;;;
2022-02-01;DE;Rosenheim;1;25;;;;
2022-02-01;DE;Rotenburg;1;0;;;;
2022-02-01;DE;Rothenburg ob der Tauber;1;34;;;;
2022-02-01;DE;Rottach-Egern;1;3;;;;
2022-02-01;DE;Ruhland;1;66;;;;
2022-02-01;DE;Saarburg;1;13;;;;
2022-02-01;DE;Sankt Augustin;1;7;;;;
2022-02-01;DE;Schee?üel;1;0;;;;
2022-02-01;DE;Schondorf am Ammersee;1;20;;;;
2022-02-01;DE;Schwabach;1;7;;;;
2022-02-01;DE;Schwaig bei N?ºrnberg;1;25;;;;
2022-02-01;DE;Schwarzenbek;1;88;;;;
2022-02-01;DE;Schweinfurt;1;59;;;;
2022-02-01;DE;Schwerte;;;;;;
2022-02-01;DE;Sch??nau im Schwarzwald;1;4;;;;
2022-02-01;DE;Sch??nwald;1;38;;;;
2022-02-01;DE;Seefeld-Hechendorf;1;0;;;;
2022-02-01;DE;Selters;1;0;;;;
2022-02-01;DE;Sendenhorst;1;9;;;;
2022-02-01;DE;Siegburg;1;2;;;;
2022-02-01;DE;Sindelfingen;1;2;;;;
2022-02-01;DE;Singen;1;2;;;;
2022-02-01;DE;Spaichingen;1;20;;;;
2022-02-01;DE;Speichersdorf;1;3;;;;
2022-02-01;DE;Spreewaldallee 44;1;26;;;;
2022-02-01;DE;St. Wendel;1;22;;;;
2022-02-01;DE;Stade;1;59;;;;
2022-02-01;DE;Stadtbergen;1;1;;;;
2022-02-01;DE;Stadtmitte;1;5;;;;
2022-02-01;DE;Stein bei N?ºrnberg;1;6;;;;
2022-02-01;DE;Steinfurt;1;42;;;;
2022-02-01;DE;Sterbfritz;1;64;;;;
2022-02-01;DE;Stockach;1;49;;;;
2022-02-01;DE;Stockelsdorf;1;0;;;;
2022-02-01;DE;Straubing;1;1;;;;
2022-02-01;DE;Summerstra?üe 32;1;0;;;;
2022-02-01;DE;Syke;1;0;;;;
2022-02-01;DE;Sylt;1;0;;;;
2022-02-01;DE;S??gel;1;12;;;;
2022-02-01;DE;S?ºdstadt;1;31;;;;
2022-02-01;DE;Taunusstein, Hessen;1;75;;;;
2022-02-01;DE;Taunusstein-Hahn;1;7;;;;
2022-02-01;DE;Templin;1;6;;;;
2022-02-01;DE;Todtnau;1;113;;;;
2022-02-01;DE;Travem?ºnde;1;0;;;;
2022-02-01;DE;Trier, Innenstadt;1;104;;;;
2022-02-01;DE;Trier, Mitte;1;132;;;;
2022-02-01;DE;Trier-S?ºd;1;2;;;;
2022-02-01;DE;T??nisvorst;1;30;;;;
2022-02-01;DE;Unna;1;16;;;;
2022-02-01;DE;Vahrenwald-List;1;0;;;;
2022-02-01;DE;Varel;1;0;;;;
2022-02-01;DE;Vechta;;;;;;
2022-02-01;DE;Verden;1;55;;;;
2022-02-01;DE;Versmold;1;1;;;;
2022-02-01;DE;Viersen;1;14;;;;
2022-02-01;DE;Waiblingen;1;2;;;;
2022-02-01;DE;Walsrode;1;0;;;;
2022-02-01;DE;Weilheim;1;0;;;;
2022-02-01;DE;Werne;1;93;;;;
2022-02-01;DE;Wesel;1;81;;;;
2022-02-01;DE;Wesseling;1;1;;;;
2022-02-01;DE;Wetzlar;1;4;;;;
2022-02-01;DE;Weyhe;1;0;;;;
2022-02-01;DE;Wiesbaden, Innenstadt;1;42;;;;
2022-02-01;DE;Wiesbaden-Mitte;1;14;;;;
2022-02-01;DE;Wiesloch;1;91;;;;
2022-02-01;DE;Wietzendorf;1;34;;;;
2022-02-01;DE;Wilhelmshaven;1;16;;;;
2022-02-01;DE;Wismar;1;16;;;;
2022-02-01;DE;Witten;1;22;;;;
2022-02-01;DE;Wittenberg;1;1;;;;
2022-02-01;DE;Wolfenb?ºttel;1;37;;;;
2022-02-01;DE;Worms;1;3;;;;
2022-02-01;DE;W?ºrselen;1;11;;;;
2022-02-01;DE;Zeven;1;0;;;;
2022-02-01;DE;Zossen;1;1;;;;
2022-02-01;DE;Zweibr?ºcken;1;0;;;;
2022-02-01;DE;im B?ºrocenter der Leuna-Werke, Haupteingang - Erdgeschoss;1;38;;;;
2022-02-01;DE;"im EKZ ""B?ºschdorfer Mitte""";1;142;;;;
2022-02-01;DE;?ºber den Hof hinten Links;1;7;;;;
2022-02-01;DE;Aachen, Burtscheid;1;0;;;;
2022-02-01;DE;Biesenthal;1;1;;;;
2022-02-01;DE;Buchloe;1;0;;;;
2022-02-01;DE;Butzbach;1;4;;;;
2022-02-01;DE;Elsenfeld;1;14;;;;
2022-02-01;DE;Geestland;1;0;;;;
2022-02-01;DE;Haltern am See;1;9;;;;
2022-02-01;DE;H?ºnfeld;1;2;;;;
2022-02-01;DE;Kitzingen;1;2;;;;
2022-02-01;DE;Kleinostheim;1;5;;;;
2022-02-01;DE;Lenting;1;26;;;;
2022-02-01;DE;Lindlar;1;0;;;;
2022-02-01;DE;L?ºbeck-Travem?ºnde;1;2;;;;
2022-02-01;DE;Miltenberg;1;1;;;;
2022-02-01;DE;Neckarsulm;1;9;;;;
2022-02-01;DE;Troisdorf;1;2;;;;
2022-02-01;DE;Willich;1;1;;;;
2022-02-01;DE;?ñhringen;1;4;;;;
